"CAGDP1 Gross Domestic Product (GDP) summary by county and metropolitan area"
"Real Gross Domestic Product (GDP) (Thousands of chained 2012 dollars)" 
"Bureau of Economic Analysis" 
"County"
"GeoFips","GeoName","2019"
"01001","Autauga, AL",1501769
"01003","Baldwin, AL",6140514
"01005","Barbour, AL",762856
"01007","Bibb, AL",389547
"01009","Blount, AL",869049
"01011","Bullock, AL",246089
"01013","Butler, AL",601174
"01015","Calhoun, AL",4050073
"01017","Chambers, AL",819345
"01019","Cherokee, AL",531160
"01021","Chilton, AL",929435
"01023","Choctaw, AL",540271
"01025","Clarke, AL",770838
"01027","Clay, AL",395198
"01029","Cleburne, AL",276518
"01031","Coffee, AL",1344913
"01033","Colbert, AL",2375926
"01035","Conecuh, AL",461600
"01037","Coosa, AL",174730
"01039","Covington, AL",1121281
"01041","Crenshaw, AL",431331
"01043","Cullman, AL",2581754
"01045","Dale, AL",2638931
"01047","Dallas, AL",1193935
"01049","DeKalb, AL",1879778
"01051","Elmore, AL",1709071
"01053","Escambia, AL",1244239
"01055","Etowah, AL",2915965
"01057","Fayette, AL",343241
"01059","Franklin, AL",948279
"01061","Geneva, AL",534804
"01063","Greene, AL",244098
"01065","Hale, AL",272988
"01067","Henry, AL",410939
"01069","Houston, AL",4906396
"01071","Jackson, AL",1405878
"01073","Jefferson, AL",41359665
"01075","Lamar, AL",329681
"01077","Lauderdale, AL",2440671
"01079","Lawrence, AL",506829
"01081","Lee, AL",5265738
"01083","Limestone, AL",3268954
"01085","Lowndes, AL",412296
"01087","Macon, AL",506149
"01089","Madison, AL",22979842
"01091","Marengo, AL",686093
"01093","Marion, AL",831902
"01095","Marshall, AL",3199310
"01097","Mobile, AL",18484941
"01099","Monroe, AL",699127
"01101","Montgomery, AL",12552254
"01103","Morgan, AL",5320638
"01105","Perry, AL",217199
"01107","Pickens, AL",404838
"01109","Pike, AL",1270861
"01111","Randolph, AL",475636
"01113","Russell, AL",1346443
"01115","St. Clair, AL",1794101
"01117","Shelby, AL",10075696
"01119","Sumter, AL",326968
"01121","Talladega, AL",3031903
"01123","Tallapoosa, AL",1258097
"01125","Tuscaloosa, AL",10123989
"01127","Walker, AL",1778581
"01129","Washington, AL",791030
"01131","Wilcox, AL",419477
"01133","Winston, AL",686336
"02013","Aleutians East Borough, AK*",218523
"02016","Aleutians West Census Area, AK*",396409
"02020","Anchorage Municipality, AK",20827222
"02050","Bethel Census Area, AK*",693164
"02060","Bristol Bay Borough, AK",134856
"02068","Denali Borough, AK*",250964
"02070","Dillingham Census Area, AK*",254343
"02090","Fairbanks North Star Borough, AK",5217255
"02100","Haines Borough, AK",105192
"02105","Hoonah-Angoon Census Area, AK*",95817
"02110","Juneau City and Borough, AK",2254614
"02122","Kenai Peninsula Borough, AK",2962394
"02130","Ketchikan Gateway Borough, AK*",832093
"02150","Kodiak Island Borough, AK",719261
"02158","Kusilvak Census Area, AK*",155070
"02164","Lake and Peninsula Borough, AK*",93623
"02170","Matanuska-Susitna Borough, AK",2412574
"02180","Nome Census Area, AK*",421324
"02185","North Slope Borough, AK",10534598
"02188","Northwest Arctic Borough, AK",653068
"02195","Petersburg Borough, AK*",193395
"02198","Prince of Wales-Hyder Census Area, AK*",262374
"02201","Prince of Wales-Outer Ketchikan Census Area, AK*","(NA)"
"02220","Sitka City and Borough, AK",453860
"02230","Skagway Municipality, AK*",111305
"02232","Skagway-Hoonah-Angoon Census Area, AK*","(NA)"
"02240","Southeast Fairbanks Census Area, AK*",582719
"02261","Valdez-Cordova Census Area, AK*",1804363
"02275","Wrangell City and Borough, AK*",93999
"02280","Wrangell-Petersburg Census Area, AK*","(NA)"
"02282","Yakutat City and Borough, AK*",29730
"02290","Yukon-Koyukuk Census Area, AK*",285633
"04001","Apache, AZ",2490196
"04003","Cochise, AZ",4589330
"04005","Coconino, AZ",6764676
"04007","Gila, AZ",1941036
"04009","Graham, AZ",1067613
"04011","Greenlee, AZ",1799562
"04012","La Paz, AZ",697076
"04013","Maricopa, AZ",229821077
"04015","Mohave, AZ",5200986
"04017","Navajo, AZ",3020876
"04019","Pima, AZ",42169490
"04021","Pinal, AZ",7640162
"04023","Santa Cruz, AZ",1819009
"04025","Yavapai, AZ",6592236
"04027","Yuma, AZ",7926771
"05001","Arkansas, AR",999154
"05003","Ashley, AR",793585
"05005","Baxter, AR",1345778
"05007","Benton, AR",13506569
"05009","Boone, AR",1205065
"05011","Bradley, AR",321376
"05013","Calhoun, AR",344725
"05015","Carroll, AR",775593
"05017","Chicot, AR",272981
"05019","Clark, AR",738073
"05021","Clay, AR",327370
"05023","Cleburne, AR",852229
"05025","Cleveland, AR",125819
"05027","Columbia, AR",900757
"05029","Conway, AR",919314
"05031","Craighead, AR",4245979
"05033","Crawford, AR",1502387
"05035","Crittenden, AR",1758263
"05037","Cross, AR",447475
"05039","Dallas, AR",212475
"05041","Desha, AR",561498
"05043","Drew, AR",596119
"05045","Faulkner, AR",3576218
"05047","Franklin, AR",435145
"05049","Fulton, AR",176524
"05051","Garland, AR",3031464
"05053","Grant, AR",385667
"05055","Greene, AR",1304184
"05057","Hempstead, AR",863560
"05059","Hot Spring, AR",903438
"05061","Howard, AR",553314
"05063","Independence, AR",1664209
"05065","Izard, AR",277269
"05067","Jackson, AR",674212
"05069","Jefferson, AR",2887373
"05071","Johnson, AR",646733
"05073","Lafayette, AR",150537
"05075","Lawrence, AR",420163
"05077","Lee, AR",193279
"05079","Lincoln, AR",244632
"05081","Little River, AR",531066
"05083","Logan, AR",507367
"05085","Lonoke, AR",1157468
"05087","Madison, AR",351304
"05089","Marion, AR",546004
"05091","Miller, AR",1250953
"05093","Mississippi, AR",2544776
"05095","Monroe, AR",194994
"05097","Montgomery, AR",123868
"05099","Nevada, AR",249796
"05101","Newton, AR",98983
"05103","Ouachita, AR",596621
"05105","Perry, AR",140107
"05107","Phillips, AR",506307
"05109","Pike, AR",234528
"05111","Poinsett, AR",600795
"05113","Polk, AR",498017
"05115","Pope, AR",2622224
"05117","Prairie, AR",180208
"05119","Pulaski, AR",26139380
"05121","Randolph, AR",438924
"05123","St. Francis, AR",694742
"05125","Saline, AR",2118096
"05127","Scott, AR",258346
"05129","Searcy, AR",156717
"05131","Sebastian, AR",6028844
"05133","Sevier, AR",449993
"05135","Sharp, AR",327611
"05137","Stone, AR",226877
"05139","Union, AR",2542988
"05141","Van Buren, AR",642924
"05143","Washington, AR",10010084
"05145","White, AR",2231720
"05147","Woodruff, AR",232079
"05149","Yell, AR",537243
"06001","Alameda, CA",129708807
"06003","Alpine, CA",114254
"06005","Amador, CA",1786635
"06007","Butte, CA",9897121
"06009","Calaveras, CA",1589059
"06011","Colusa, CA",1514361
"06013","Contra Costa, CA",76522619
"06015","Del Norte, CA",842938
"06017","El Dorado, CA",7967457
"06019","Fresno, CA",46009312
"06021","Glenn, CA",1310042
"06023","Humboldt, CA",5974402
"06025","Imperial, CA",8980597
"06027","Inyo, CA",1261469
"06029","Kern, CA",51416782
"06031","Kings, CA",6609432
"06033","Lake, CA",2189985
"06035","Lassen, CA",1262036
"06037","Los Angeles, CA",726943301
"06039","Madera, CA",6740169
"06041","Marin, CA",23795829
"06043","Mariposa, CA",862546
"06045","Mendocino, CA",3856796
"06047","Merced, CA",10383485
"06049","Modoc, CA",460751
"06051","Mono, CA",1162497
"06053","Monterey, CA",27581259
"06055","Napa, CA",10283597
"06057","Nevada, CA",4428088
"06059","Orange, CA",233323465
"06061","Placer, CA",21531825
"06063","Plumas, CA",1245201
"06065","Riverside, CA",82105026
"06067","Sacramento, CA",88620397
"06069","San Benito, CA",2363094
"06071","San Bernardino, CA",89779198
"06073","San Diego, CA",222272562
"06075","San Francisco, CA",178505659
"06077","San Joaquin, CA",30486439
"06079","San Luis Obispo, CA",16660813
"06081","San Mateo, CA",121697163
"06083","Santa Barbara, CA",28411698
"06085","Santa Clara, CA",318100028
"06087","Santa Cruz, CA",14407444
"06089","Shasta, CA",8412829
"06091","Sierra, CA",112020
"06093","Siskiyou, CA",1933447
"06095","Solano, CA",22637944
"06097","Sonoma, CA",29064200
"06099","Stanislaus, CA",23715709
"06101","Sutter, CA",3762601
"06103","Tehama, CA",2276824
"06105","Trinity, CA",452982
"06107","Tulare, CA",19350581
"06109","Tuolumne, CA",2793179
"06111","Ventura, CA",48496595
"06113","Yolo, CA",14390599
"06115","Yuba, CA",3345409
"08001","Adams, CO*",26546174
"08003","Alamosa, CO",743667
"08005","Arapahoe, CO",45195128
"08007","Archuleta, CO",513301
"08009","Baca, CO",136902
"08011","Bent, CO",161542
"08013","Boulder, CO*",27509931
"08014","Broomfield, CO*",6845862
"08015","Chaffee, CO",771206
"08017","Cheyenne, CO",188959
"08019","Clear Creek, CO",536671
"08021","Conejos, CO",254561
"08023","Costilla, CO",101636
"08025","Crowley, CO",154568
"08027","Custer, CO",125966
"08029","Delta, CO",853431
"08031","Denver, CO",72850983
"08033","Dolores, CO",147006
"08035","Douglas, CO",17543547
"08037","Eagle, CO",3600716
"08039","Elbert, CO",604651
"08041","El Paso, CO",33392451
"08043","Fremont, CO",1397253
"08045","Garfield, CO",4103095
"08047","Gilpin, CO",518503
"08049","Grand, CO",807296
"08051","Gunnison, CO",1094683
"08053","Hinsdale, CO",44766
"08055","Huerfano, CO",292627
"08057","Jackson, CO",128935
"08059","Jefferson, CO*",30704185
"08061","Kiowa, CO",80388
"08063","Kit Carson, CO",411638
"08065","Lake, CO",331681
"08067","La Plata, CO",3317742
"08069","Larimer, CO",18267696
"08071","Las Animas, CO",739862
"08073","Lincoln, CO",362619
"08075","Logan, CO",1142534
"08077","Mesa, CO",6214937
"08079","Mineral, CO",66191
"08081","Moffat, CO",987687
"08083","Montezuma, CO",1823637
"08085","Montrose, CO",1500154
"08087","Morgan, CO",1661295
"08089","Otero, CO",645407
"08091","Ouray, CO",224978
"08093","Park, CO",454820
"08095","Phillips, CO",208315
"08097","Pitkin, CO",2030163
"08099","Prowers, CO",632801
"08101","Pueblo, CO",6268022
"08103","Rio Blanco, CO",740595
"08105","Rio Grande, CO",511851
"08107","Routt, CO",1742862
"08109","Saguache, CO",255110
"08111","San Juan, CO",36973
"08113","San Miguel, CO",607613
"08115","Sedgwick, CO",99198
"08117","Summit, CO",2363993
"08119","Teller, CO",931220
"08121","Washington, CO",202411
"08123","Weld, CO*",22020305
"08125","Yuma, CO",648523
"09001","Fairfield, CT",79854813
"09003","Hartford, CT",79962243
"09005","Litchfield, CT",7604383
"09007","Middlesex, CT",8679288
"09009","New Haven, CT",48368218
"09011","New London, CT",17344547
"09013","Tolland, CT",4908348
"09015","Windham, CT",4688643
"10001","Kent, DE",7274755
"10003","New Castle, DE",45494166
"10005","Sussex, DE",11602065
"11001","District of Columbia, DC",123929268
"12001","Alachua, FL",12914477
"12003","Baker, FL",559561
"12005","Bay, FL",7772152
"12007","Bradford, FL",668271
"12009","Brevard, FL",24619760
"12011","Broward, FL",99909302
"12013","Calhoun, FL",253914
"12015","Charlotte, FL",4952728
"12017","Citrus, FL",3879314
"12019","Clay, FL",4858684
"12021","Collier, FL",16351772
"12023","Columbia, FL",2228549
"12027","DeSoto, FL",1014538
"12029","Dixie, FL",289624
"12031","Duval, FL",60169891
"12033","Escambia, FL",14931928
"12035","Flagler, FL",2221979
"12037","Franklin, FL",381839
"12039","Gadsden, FL",1276171
"12041","Gilchrist, FL",355242
"12043","Glades, FL",320686
"12045","Gulf, FL",410310
"12047","Hamilton, FL",492817
"12049","Hardee, FL",1023242
"12051","Hendry, FL",1314540
"12053","Hernando, FL",3971573
"12055","Highlands, FL",2626612
"12057","Hillsborough, FL",84884933
"12059","Holmes, FL",338550
"12061","Indian River, FL",5966999
"12063","Jackson, FL",1408654
"12065","Jefferson, FL",293810
"12067","Lafayette, FL",171278
"12069","Lake, FL",8468770
"12071","Lee, FL",28207575
"12073","Leon, FL",14357206
"12075","Levy, FL",933042
"12077","Liberty, FL",214226
"12079","Madison, FL",434847
"12081","Manatee, FL",13354224
"12083","Marion, FL",9331478
"12085","Martin, FL",7113457
"12086","Miami-Dade, FL",151587328
"12087","Monroe, FL",4523546
"12089","Nassau, FL",2397438
"12091","Okaloosa, FL",11156453
"12093","Okeechobee, FL",1577307
"12095","Orange, FL",90245169
"12097","Osceola, FL",9053658
"12099","Palm Beach, FL",75635325
"12101","Pasco, FL",11638076
"12103","Pinellas, FL",47873967
"12105","Polk, FL",24837880
"12107","Putnam, FL",2066592
"12109","St. Johns, FL",7778133
"12111","St. Lucie, FL",8431479
"12113","Santa Rosa, FL",4137020
"12115","Sarasota, FL",18382610
"12117","Seminole, FL",20654326
"12119","Sumter, FL",2690053
"12121","Suwannee, FL",1258570
"12123","Taylor, FL",766755
"12125","Union, FL",272507
"12127","Volusia, FL",17063419
"12129","Wakulla, FL",692619
"12131","Walton, FL",2775045
"12133","Washington, FL",524311
"13001","Appling, GA",1427791
"13003","Atkinson, GA",256536
"13005","Bacon, GA",353246
"13007","Baker, GA",88111
"13009","Baldwin, GA",1246391
"13011","Banks, GA",405737
"13013","Barrow, GA",1930607
"13015","Bartow, GA",4408132
"13017","Ben Hill, GA",505476
"13019","Berrien, GA",381773
"13021","Bibb, GA",8213443
"13023","Bleckley, GA",248980
"13025","Brantley, GA",235447
"13027","Brooks, GA",369215
"13029","Bryan, GA",859218
"13031","Bulloch, GA",2173735
"13033","Burke, GA",2811746
"13035","Butts, GA",609056
"13037","Calhoun, GA",140142
"13039","Camden, GA",1822567
"13043","Candler, GA",256331
"13045","Carroll, GA",4253711
"13047","Catoosa, GA",1420539
"13049","Charlton, GA",190432
"13051","Chatham, GA",16996540
"13053","Chattahoochee, GA",1345383
"13055","Chattooga, GA",598372
"13057","Cherokee, GA",6514858
"13059","Clarke, GA",7083717
"13061","Clay, GA",88363
"13063","Clayton, GA",17247201
"13065","Clinch, GA",249282
"13067","Cobb, GA",49217819
"13069","Coffee, GA",1466173
"13071","Colquitt, GA",1427794
"13073","Columbia, GA",3449629
"13075","Cook, GA",359989
"13077","Coweta, GA",4062990
"13079","Crawford, GA",144163
"13081","Crisp, GA",867318
"13083","Dade, GA",372780
"13085","Dawson, GA",779587
"13087","Decatur, GA",848450
"13089","DeKalb, GA",37825628
"13091","Dodge, GA",437600
"13093","Dooly, GA",433645
"13095","Dougherty, GA",4384137
"13097","Douglas, GA",4077448
"13099","Early, GA",541155
"13101","Echols, GA",40209
"13103","Effingham, GA",1682932
"13105","Elbert, GA",573063
"13107","Emanuel, GA",680882
"13109","Evans, GA",377492
"13111","Fannin, GA",670127
"13113","Fayette, GA",4669141
"13115","Floyd, GA",3960973
"13117","Forsyth, GA",8382170
"13119","Franklin, GA",844841
"13121","Fulton, GA",159931648
"13123","Gilmer, GA",817723
"13125","Glascock, GA",34369
"13127","Glynn, GA",3769083
"13129","Gordon, GA",2140067
"13131","Grady, GA",669070
"13133","Greene, GA",622601
"13135","Gwinnett, GA",44283783
"13137","Habersham, GA",1399929
"13139","Hall, GA",9535290
"13141","Hancock, GA",160352
"13143","Haralson, GA",740273
"13145","Harris, GA",534151
"13147","Hart, GA",816669
"13149","Heard, GA",1156627
"13151","Henry, GA",5744251
"13153","Houston, GA",6347031
"13155","Irwin, GA",214945
"13157","Jackson, GA",2832812
"13159","Jasper, GA",250974
"13161","Jeff Davis, GA",392489
"13163","Jefferson, GA",544699
"13165","Jenkins, GA",167966
"13167","Johnson, GA",134712
"13169","Jones, GA",397867
"13171","Lamar, GA",387637
"13173","Lanier, GA",120067
"13175","Laurens, GA",1728031
"13177","Lee, GA",684178
"13179","Liberty, GA",3188935
"13181","Lincoln, GA",132433
"13183","Long, GA",115741
"13185","Lowndes, GA",4643519
"13187","Lumpkin, GA",699197
"13189","McDuffie, GA",637332
"13191","McIntosh, GA",185905
"13193","Macon, GA",504344
"13195","Madison, GA",472237
"13197","Marion, GA",107031
"13199","Meriwether, GA",574736
"13201","Miller, GA",214968
"13205","Mitchell, GA",800735
"13207","Monroe, GA",1460717
"13209","Montgomery, GA",165072
"13211","Morgan, GA",726761
"13213","Murray, GA",1135982
"13215","Muscogee, GA",9979549
"13217","Newton, GA",2659161
"13219","Oconee, GA",1303729
"13221","Oglethorpe, GA",284740
"13223","Paulding, GA",2362819
"13225","Peach, GA",866050
"13227","Pickens, GA",933288
"13229","Pierce, GA",399902
"13231","Pike, GA",286221
"13233","Polk, GA",1176959
"13235","Pulaski, GA",274112
"13237","Putnam, GA",485620
"13239","Quitman, GA",37303
"13241","Rabun, GA",492062
"13243","Randolph, GA",189062
"13245","Richmond, GA",11562741
"13247","Rockdale, GA",3541223
"13249","Schley, GA",103766
"13251","Screven, GA",297373
"13253","Seminole, GA",309401
"13255","Spalding, GA",1977588
"13257","Stephens, GA",906789
"13259","Stewart, GA",135268
"13261","Sumter, GA",1082016
"13263","Talbot, GA",136392
"13265","Taliaferro, GA",34992
"13267","Tattnall, GA",619458
"13269","Taylor, GA",211859
"13271","Telfair, GA",311806
"13273","Terrell, GA",249511
"13275","Thomas, GA",2025308
"13277","Tift, GA",1855637
"13279","Toombs, GA",946507
"13281","Towns, GA",324641
"13283","Treutlen, GA",115116
"13285","Troup, GA",3307080
"13287","Turner, GA",223387
"13289","Twiggs, GA",287290
"13291","Union, GA",664241
"13293","Upson, GA",677373
"13295","Walker, GA",1398073
"13297","Walton, GA",2274939
"13299","Ware, GA",1430432
"13301","Warren, GA",182140
"13303","Washington, GA",599327
"13305","Wayne, GA",824104
"13307","Webster, GA",58776
"13309","Wheeler, GA",108174
"13311","White, GA",706895
"13313","Whitfield, GA",5214359
"13315","Wilcox, GA",170974
"13317","Wilkes, GA",345622
"13319","Wilkinson, GA",535277
"13321","Worth, GA",382486
"15001","Hawaii, HI",8221411
"15003","Honolulu, HI",61094332
"15007","Kauai, HI",3829072
"15901","Maui + Kalawao, HI*",9328861
"16001","Ada, ID",26471383
"16003","Adams, ID",118199
"16005","Bannock, ID",2814614
"16007","Bear Lake, ID",194227
"16009","Benewah, ID",310410
"16011","Bingham, ID",1359110
"16013","Blaine, ID",1422835
"16015","Boise, ID",228762
"16017","Bonner, ID",1388760
"16019","Bonneville, ID",5215234
"16021","Boundary, ID",347973
"16023","Butte, ID",1098397
"16025","Camas, ID",67036
"16027","Canyon, ID",5843416
"16029","Caribou, ID",499326
"16031","Cassia, ID",1721321
"16033","Clark, ID",50376
"16035","Clearwater, ID",319934
"16037","Custer, ID",182645
"16039","Elmore, ID",1308385
"16041","Franklin, ID",370393
"16043","Fremont (includes Yellowstone Park), ID",386867
"16045","Gem, ID",349651
"16047","Gooding, ID",1366367
"16049","Idaho, ID",439444
"16051","Jefferson, ID",790400
"16053","Jerome, ID",1318937
"16055","Kootenai, ID",5789257
"16057","Latah, ID",1294709
"16059","Lemhi, ID",259431
"16061","Lewis, ID",149975
"16063","Lincoln, ID",332155
"16065","Madison, ID",1185464
"16067","Minidoka, ID",822203
"16069","Nez Perce, ID",2016126
"16071","Oneida, ID",131296
"16073","Owyhee, ID",475953
"16075","Payette, ID",781605
"16077","Power, ID",415704
"16079","Shoshone, ID",452956
"16081","Teton, ID",322408
"16083","Twin Falls, ID",3582530
"16085","Valley, ID",486230
"16087","Washington, ID",413942
"17001","Adams, IL",3355565
"17003","Alexander, IL",180503
"17005","Bond, IL",506827
"17007","Boone, IL",1685685
"17009","Brown, IL",463876
"17011","Bureau, IL",1328246
"17013","Calhoun, IL",100333
"17015","Carroll, IL",619998
"17017","Cass, IL",628081
"17019","Champaign, IL",10222595
"17021","Christian, IL",1484482
"17023","Clark, IL",570541
"17025","Clay, IL",556479
"17027","Clinton, IL",1025829
"17029","Coles, IL",2334593
"17031","Cook, IL",366932993
"17033","Crawford, IL",2062806
"17035","Cumberland, IL",1338737
"17037","DeKalb, IL",3779934
"17039","De Witt, IL",1138688
"17041","Douglas, IL",1079873
"17043","DuPage, IL",83828491
"17045","Edgar, IL",790466
"17047","Edwards, IL",293642
"17049","Effingham, IL",2031677
"17051","Fayette, IL",569001
"17053","Ford, IL",640573
"17055","Franklin, IL",1081495
"17057","Fulton, IL",963407
"17059","Gallatin, IL",218919
"17061","Greene, IL",327960
"17063","Grundy, IL",3710386
"17065","Hamilton, IL",360548
"17067","Hancock, IL",571667
"17069","Hardin, IL",82211
"17071","Henderson, IL",189829
"17073","Henry, IL",1476114
"17075","Iroquois, IL",1149692
"17077","Jackson, IL",2434312
"17079","Jasper, IL",486269
"17081","Jefferson, IL",1880802
"17083","Jersey, IL",516848
"17085","Jo Daviess, IL",783014
"17087","Johnson, IL",223155
"17089","Kane, IL",23469101
"17091","Kankakee, IL",5608505
"17093","Kendall, IL",3008434
"17095","Knox, IL",1736634
"17097","Lake, IL",53778183
"17099","LaSalle, IL",5410182
"17101","Lawrence, IL",566681
"17103","Lee, IL",1599521
"17105","Livingston, IL",1862479
"17107","Logan, IL",1025379
"17109","McDonough, IL",1116077
"17111","McHenry, IL",10296845
"17113","McLean, IL",13778419
"17115","Macon, IL",6399861
"17117","Macoupin, IL",1222824
"17119","Madison, IL",12150589
"17121","Marion, IL",1310886
"17123","Marshall, IL",377563
"17125","Mason, IL",500812
"17127","Massac, IL",580312
"17129","Menard, IL",239807
"17131","Mercer, IL",433107
"17133","Monroe, IL",884223
"17135","Montgomery, IL",1106194
"17137","Morgan, IL",1505562
"17139","Moultrie, IL",788685
"17141","Ogle, IL",2580522
"17143","Peoria, IL",12322562
"17145","Perry, IL",595610
"17147","Piatt, IL",510080
"17149","Pike, IL",552775
"17151","Pope, IL",63504
"17153","Pulaski, IL",199669
"17155","Putnam, IL",361799
"17157","Randolph, IL",1434433
"17159","Richland, IL",617567
"17161","Rock Island, IL",9689097
"17163","St. Clair, IL",11136578
"17165","Saline, IL",858027
"17167","Sangamon, IL",10702860
"17169","Schuyler, IL",263666
"17171","Scott, IL",164274
"17173","Shelby, IL",809421
"17175","Stark, IL",207505
"17177","Stephenson, IL",1755957
"17179","Tazewell, IL",5549702
"17181","Union, IL",413050
"17183","Vermilion, IL",3202651
"17185","Wabash, IL",362876
"17187","Warren, IL",819600
"17189","Washington, IL",888830
"17191","Wayne, IL",480779
"17193","White, IL",591775
"17195","Whiteside, IL",2120737
"17197","Will, IL",30143384
"17199","Williamson, IL",2776828
"17201","Winnebago, IL",13156636
"17203","Woodford, IL",1099003
"18001","Adams, IN",1685187
"18003","Allen, IN",20063027
"18005","Bartholomew, IN",6045053
"18007","Benton, IN",461815
"18009","Blackford, IN",301776
"18011","Boone, IN",3061062
"18013","Brown, IN",254107
"18015","Carroll, IN",657963
"18017","Cass, IN",1300004
"18019","Clark, IN",4861806
"18021","Clay, IN",735260
"18023","Clinton, IN",1466509
"18025","Crawford, IN",171390
"18027","Daviess, IN",1241003
"18029","Dearborn, IN",1692682
"18031","Decatur, IN",1527252
"18033","DeKalb, IN",2444566
"18035","Delaware, IN",3759995
"18037","Dubois, IN",2527822
"18039","Elkhart, IN",14500980
"18041","Fayette, IN",560184
"18043","Floyd, IN",2711632
"18045","Fountain, IN",474171
"18047","Franklin, IN",547209
"18049","Fulton, IN",659158
"18051","Gibson, IN",3343492
"18053","Grant, IN",2248065
"18055","Greene, IN",643020
"18057","Hamilton, IN",17132223
"18059","Hancock, IN",2753013
"18061","Harrison, IN",1000154
"18063","Hendricks, IN",5979898
"18065","Henry, IN",1251201
"18067","Howard, IN",3954647
"18069","Huntington, IN",1378556
"18071","Jackson, IN",2262448
"18073","Jasper, IN",1459915
"18075","Jay, IN",952596
"18077","Jefferson, IN",1400089
"18079","Jennings, IN",706193
"18081","Johnson, IN",4866188
"18083","Knox, IN",1833730
"18085","Kosciusko, IN",4686316
"18087","Lagrange, IN",1824967
"18089","Lake, IN",24435380
"18091","LaPorte, IN",3893649
"18093","Lawrence, IN",1323599
"18095","Madison, IN",3508789
"18097","Marion, IN",84088746
"18099","Marshall, IN",1550355
"18101","Martin, IN",1019304
"18103","Miami, IN",940226
"18105","Monroe, IN",6157213
"18107","Montgomery, IN",1594289
"18109","Morgan, IN",1617605
"18111","Newton, IN",341366
"18113","Noble, IN",1747811
"18115","Ohio, IN",108080
"18117","Orange, IN",601921
"18119","Owen, IN",487096
"18121","Parke, IN",326589
"18123","Perry, IN",758889
"18125","Pike, IN",689383
"18127","Porter, IN",7038578
"18129","Posey, IN",2877731
"18131","Pulaski, IN",620684
"18133","Putnam, IN",1032381
"18135","Randolph, IN",737625
"18137","Ripley, IN",1062334
"18139","Rush, IN",627561
"18141","St. Joseph, IN",12972569
"18143","Scott, IN",663104
"18145","Shelby, IN",1842441
"18147","Spencer, IN",1027595
"18149","Starke, IN",422624
"18151","Steuben, IN",1324266
"18153","Sullivan, IN",918148
"18155","Switzerland, IN",197802
"18157","Tippecanoe, IN",9040396
"18159","Tipton, IN",555250
"18161","Union, IN",133439
"18163","Vanderburgh, IN",10292671
"18165","Vermillion, IN",736253
"18167","Vigo, IN",4377484
"18169","Wabash, IN",1164169
"18171","Warren, IN",243958
"18173","Warrick, IN",2210607
"18175","Washington, IN",601931
"18177","Wayne, IN",2607536
"18179","Wells, IN",1144565
"18181","White, IN",944621
"18183","Whitley, IN",1499387
"19001","Adair, IA",409441
"19003","Adams, IA",248585
"19005","Allamakee, IA",601573
"19007","Appanoose, IA",380440
"19009","Audubon, IA",333982
"19011","Benton, IA",831865
"19013","Black Hawk, IA",6954188
"19015","Boone, IA",934453
"19017","Bremer, IA",1064512
"19019","Buchanan, IA",782371
"19021","Buena Vista, IA",1255549
"19023","Butler, IA",448850
"19025","Calhoun, IA",463769
"19027","Carroll, IA",1386935
"19029","Cass, IA",616163
"19031","Cedar, IA",623663
"19033","Cerro Gordo, IA",2401592
"19035","Cherokee, IA",732258
"19037","Chickasaw, IA",697823
"19039","Clarke, IA",393048
"19041","Clay, IA",1003867
"19043","Clayton, IA",879140
"19045","Clinton, IA",2153256
"19047","Crawford, IA",837082
"19049","Dallas, IA",4499385
"19051","Davis, IA",251106
"19053","Decatur, IA",205825
"19055","Delaware, IA",952657
"19057","Des Moines, IA",2061896
"19059","Dickinson, IA",904689
"19061","Dubuque, IA",5712534
"19063","Emmet, IA",414613
"19065","Fayette, IA",779277
"19067","Floyd, IA",824187
"19069","Franklin, IA",644022
"19071","Fremont, IA",306827
"19073","Greene, IA",493118
"19075","Grundy, IA",524936
"19077","Guthrie, IA",469367
"19079","Hamilton, IA",889079
"19081","Hancock, IA",789651
"19083","Hardin, IA",899909
"19085","Harrison, IA",432495
"19087","Henry, IA",876317
"19089","Howard, IA",491110
"19091","Humboldt, IA",464899
"19093","Ida, IA",485383
"19095","Iowa, IA",1071156
"19097","Jackson, IA",615545
"19099","Jasper, IA",1099820
"19101","Jefferson, IA",655566
"19103","Johnson, IA",8084987
"19105","Jones, IA",613595
"19107","Keokuk, IA",367517
"19109","Kossuth, IA",1013375
"19111","Lee, IA",1652597
"19113","Linn, IA",15469738
"19115","Louisa, IA",641515
"19117","Lucas, IA",305660
"19119","Lyon, IA",998293
"19121","Madison, IA",376103
"19123","Mahaska, IA",904406
"19125","Marion, IA",1787982
"19127","Marshall, IA",1788347
"19129","Mills, IA",529601
"19131","Mitchell, IA",743696
"19133","Monona, IA",341649
"19135","Monroe, IA",416550
"19137","Montgomery, IA",416096
"19139","Muscatine, IA",2442328
"19141","O'Brien, IA",964234
"19143","Osceola, IA",469782
"19145","Page, IA",574889
"19147","Palo Alto, IA",615505
"19149","Plymouth, IA",1490450
"19151","Pocahontas, IA",622077
"19153","Polk, IA",38100157
"19155","Pottawattamie, IA",4119417
"19157","Poweshiek, IA",1072844
"19159","Ringgold, IA",204407
"19161","Sac, IA",575534
"19163","Scott, IA",8420464
"19165","Shelby, IA",711394
"19167","Sioux, IA",2524724
"19169","Story, IA",4900452
"19171","Tama, IA",665990
"19173","Taylor, IA",255848
"19175","Union, IA",565342
"19177","Van Buren, IA",226283
"19179","Wapello, IA",1545785
"19181","Warren, IA",1079783
"19183","Washington, IA",1163044
"19185","Wayne, IA",232978
"19187","Webster, IA",1987435
"19189","Winnebago, IA",428777
"19191","Winneshiek, IA",1004871
"19193","Woodbury, IA",4756524
"19195","Worth, IA",310833
"19197","Wright, IA",760324
"20001","Allen, KS",533193
"20003","Anderson, KS",260103
"20005","Atchison, KS",670701
"20007","Barber, KS",234775
"20009","Barton, KS",1221797
"20011","Bourbon, KS",622350
"20013","Brown, KS",505363
"20015","Butler, KS",2687151
"20017","Chase, KS",127796
"20019","Chautauqua, KS",87196
"20021","Cherokee, KS",730178
"20023","Cheyenne, KS",149359
"20025","Clark, KS",204696
"20027","Clay, KS",296604
"20029","Cloud, KS",373004
"20031","Coffey, KS",771798
"20033","Comanche, KS",71271
"20035","Cowley, KS",1339143
"20037","Crawford, KS",1523287
"20039","Decatur, KS",159594
"20041","Dickinson, KS",663593
"20043","Doniphan, KS",282870
"20045","Douglas, KS",4455949
"20047","Edwards, KS",196379
"20049","Elk, KS",80653
"20051","Ellis, KS",1570630
"20053","Ellsworth, KS",280500
"20055","Finney, KS",2162798
"20057","Ford, KS",2041339
"20059","Franklin, KS",873242
"20061","Geary, KS",2538211
"20063","Gove, KS",196710
"20065","Graham, KS",155301
"20067","Grant, KS",611744
"20069","Gray, KS",714983
"20071","Greeley, KS",170753
"20073","Greenwood, KS",187031
"20075","Hamilton, KS",283231
"20077","Harper, KS",349838
"20079","Harvey, KS",1194597
"20081","Haskell, KS",468469
"20083","Hodgeman, KS",146884
"20085","Jackson, KS",366963
"20087","Jefferson, KS",378304
"20089","Jewell, KS",157245
"20091","Johnson, KS",43766958
"20093","Kearny, KS",268968
"20095","Kingman, KS",305353
"20097","Kiowa, KS",148310
"20099","Labette, KS",820804
"20101","Lane, KS",161891
"20103","Leavenworth, KS",2594620
"20105","Lincoln, KS",114840
"20107","Linn, KS",437776
"20109","Logan, KS",175293
"20111","Lyon, KS",1342271
"20113","McPherson, KS",2381864
"20115","Marion, KS",433625
"20117","Marshall, KS",531862
"20119","Meade, KS",283952
"20121","Miami, KS",880557
"20123","Mitchell, KS",423902
"20125","Montgomery, KS",1755404
"20127","Morris, KS",204122
"20129","Morton, KS",159682
"20131","Nemaha, KS",448478
"20133","Neosho, KS",587629
"20135","Ness, KS",202328
"20137","Norton, KS",249937
"20139","Osage, KS",290622
"20141","Osborne, KS",190022
"20143","Ottawa, KS",135091
"20145","Pawnee, KS",322578
"20147","Phillips, KS",440451
"20149","Pottawatomie, KS",1166518
"20151","Pratt, KS",620797
"20153","Rawlins, KS",145369
"20155","Reno, KS",2373024
"20157","Republic, KS",231947
"20159","Rice, KS",530615
"20161","Riley, KS",2416723
"20163","Rooks, KS",232675
"20165","Rush, KS",159378
"20167","Russell, KS",326670
"20169","Saline, KS",2725937
"20171","Scott, KS",451398
"20173","Sedgwick, KS",29339125
"20175","Seward, KS",1268805
"20177","Shawnee, KS",9380700
"20179","Sheridan, KS",163872
"20181","Sherman, KS",291168
"20183","Smith, KS",180336
"20185","Stafford, KS",209092
"20187","Stanton, KS",206652
"20189","Stevens, KS",323262
"20191","Sumner, KS",746505
"20193","Thomas, KS",553045
"20195","Trego, KS",189345
"20197","Wabaunsee, KS",142171
"20199","Wallace, KS",116960
"20201","Washington, KS",258862
"20203","Wichita, KS",303624
"20205","Wilson, KS",340856
"20207","Woodson, KS",92135
"20209","Wyandotte, KS",11106454
"21001","Adair, KY",350924
"21003","Allen, KY",468656
"21005","Anderson, KY",518067
"21007","Ballard, KY",195157
"21009","Barren, KY",1391989
"21011","Bath, KY",185101
"21013","Bell, KY",733426
"21015","Boone, KY",10548510
"21017","Bourbon, KY",1085975
"21019","Boyd, KY",4271296
"21021","Boyle, KY",1143320
"21023","Bracken, KY",141552
"21025","Breathitt, KY",220539
"21027","Breckinridge, KY",327520
"21029","Bullitt, KY",2258316
"21031","Butler, KY",300770
"21033","Caldwell, KY",380279
"21035","Calloway, KY",1255328
"21037","Campbell, KY",3152727
"21039","Carlisle, KY",151739
"21041","Carroll, KY",1775558
"21043","Carter, KY",461922
"21045","Casey, KY",319139
"21047","Christian, KY",5324394
"21049","Clark, KY",1375743
"21051","Clay, KY",326139
"21053","Clinton, KY",309633
"21055","Crittenden, KY",198963
"21057","Cumberland, KY",154124
"21059","Daviess, KY",4216860
"21061","Edmonson, KY",156737
"21063","Elliott, KY",71983
"21065","Estill, KY",198947
"21067","Fayette, KY",18340392
"21069","Fleming, KY",281784
"21071","Floyd, KY",1045510
"21073","Franklin, KY",2781698
"21075","Fulton, KY",192760
"21077","Gallatin, KY",363971
"21079","Garrard, KY",222103
"21081","Grant, KY",466503
"21083","Graves, KY",1178673
"21085","Grayson, KY",622263
"21087","Green, KY",154451
"21089","Greenup, KY",836397
"21091","Hancock, KY",913052
"21093","Hardin, KY",4666262
"21095","Harlan, KY",551647
"21097","Harrison, KY",505882
"21099","Hart, KY",521198
"21101","Henderson, KY",1968621
"21103","Henry, KY",324823
"21105","Hickman, KY",191609
"21107","Hopkins, KY",1704465
"21109","Jackson, KY",158872
"21111","Jefferson, KY",49342960
"21113","Jessamine, KY",1855095
"21115","Johnson, KY",418456
"21117","Kenton, KY",7088145
"21119","Knott, KY",231109
"21121","Knox, KY",585937
"21123","Larue, KY",200148
"21125","Laurel, KY",1965279
"21127","Lawrence, KY",325044
"21129","Lee, KY",129669
"21131","Leslie, KY",168978
"21133","Letcher, KY",356506
"21135","Lewis, KY",178381
"21137","Lincoln, KY",354083
"21139","Livingston, KY",263382
"21141","Logan, KY",1199843
"21143","Lyon, KY",193352
"21145","McCracken, KY",3974274
"21147","McCreary, KY",238737
"21149","McLean, KY",289864
"21151","Madison, KY",2808489
"21153","Magoffin, KY",145734
"21155","Marion, KY",835472
"21157","Marshall, KY",1258138
"21159","Martin, KY",253396
"21161","Mason, KY",1004716
"21163","Meade, KY",446304
"21165","Menifee, KY",83209
"21167","Mercer, KY",792357
"21169","Metcalfe, KY",177007
"21171","Monroe, KY",286813
"21173","Montgomery, KY",904888
"21175","Morgan, KY",235576
"21177","Muhlenberg, KY",1208144
"21179","Nelson, KY",1467849
"21181","Nicholas, KY",85399
"21183","Ohio, KY",892304
"21185","Oldham, KY",1729118
"21187","Owen, KY",188324
"21189","Owsley, KY",50767
"21191","Pendleton, KY",252879
"21193","Perry, KY",950187
"21195","Pike, KY",1966363
"21197","Powell, KY",194671
"21199","Pulaski, KY",2038524
"21201","Robertson, KY",24009
"21203","Rockcastle, KY",310444
"21205","Rowan, KY",681802
"21207","Russell, KY",587121
"21209","Scott, KY",3011198
"21211","Shelby, KY",1519092
"21213","Simpson, KY",869792
"21215","Spencer, KY",215026
"21217","Taylor, KY",832914
"21219","Todd, KY",321296
"21221","Trigg, KY",245179
"21223","Trimble, KY",459132
"21225","Union, KY",744841
"21227","Warren, KY",5625220
"21229","Washington, KY",318903
"21231","Wayne, KY",388737
"21233","Webster, KY",536653
"21235","Whitley, KY",990942
"21237","Wolfe, KY",95279
"21239","Woodford, KY",1153462
"22001","Acadia, LA",1520519
"22003","Allen, LA",654503
"22005","Ascension, LA",7977395
"22007","Assumption, LA",456748
"22009","Avoyelles, LA",899901
"22011","Beauregard, LA",986943
"22013","Bienville, LA",764845
"22015","Bossier, LA",5215747
"22017","Caddo, LA",12607449
"22019","Calcasieu, LA",15722861
"22021","Caldwell, LA",187505
"22023","Cameron, LA",1234787
"22025","Catahoula, LA",197122
"22027","Claiborne, LA",489776
"22029","Concordia, LA",580231
"22031","De Soto, LA",4064627
"22033","East Baton Rouge, LA",36124993
"22035","East Carroll, LA",191356
"22037","East Feliciana, LA",493325
"22039","Evangeline, LA",883046
"22041","Franklin, LA",573058
"22043","Grant, LA",351420
"22045","Iberia, LA",3143178
"22047","Iberville, LA",1651515
"22049","Jackson, LA",492622
"22051","Jefferson, LA",21803194
"22053","Jefferson Davis, LA",903472
"22055","Lafayette, LA",12873679
"22057","Lafourche, LA",3905961
"22059","LaSalle, LA",515176
"22061","Lincoln, LA",2109079
"22063","Livingston, LA",2550513
"22065","Madison, LA",439183
"22067","Morehouse, LA",642816
"22069","Natchitoches, LA",1350515
"22071","Orleans, LA",22275300
"22073","Ouachita, LA",6607609
"22075","Plaquemines, LA",4014541
"22077","Pointe Coupee, LA",766277
"22079","Rapides, LA",5224167
"22081","Red River, LA",1329733
"22083","Richland, LA",567808
"22085","Sabine, LA",854982
"22087","St. Bernard, LA",2737373
"22089","St. Charles, LA",8218870
"22091","St. Helena, LA",153705
"22093","St. James, LA",3475449
"22095","St. John the Baptist, LA",4175207
"22097","St. Landry, LA",2438557
"22099","St. Martin, LA",1178673
"22101","St. Mary, LA",2316761
"22103","St. Tammany, LA",10740563
"22105","Tangipahoa, LA",3826831
"22107","Tensas, LA",164853
"22109","Terrebonne, LA",5253224
"22111","Union, LA",501417
"22113","Vermilion, LA",1648309
"22115","Vernon, LA",1837042
"22117","Washington, LA",1053948
"22119","Webster, LA",1084321
"22121","West Baton Rouge, LA",2293199
"22123","West Carroll, LA",202246
"22125","West Feliciana, LA",844398
"22127","Winn, LA",455336
"23001","Androscoggin, ME",4317875
"23003","Aroostook, ME",2493167
"23005","Cumberland, ME",19823294
"23007","Franklin, ME",1032713
"23009","Hancock, ME",2214481
"23011","Kennebec, ME",5242984
"23013","Knox, ME",1596282
"23015","Lincoln, ME",1060260
"23017","Oxford, ME",1634455
"23019","Penobscot, ME",6033967
"23021","Piscataquis, ME",545330
"23023","Sagadahoc, ME",1505212
"23025","Somerset, ME",1609801
"23027","Waldo, ME",1190328
"23029","Washington, ME",1035191
"23031","York, ME",7457213
"24001","Allegany, MD",2921129
"24003","Anne Arundel, MD",45918049
"24005","Baltimore, MD",51824165
"24009","Calvert, MD",4161824
"24011","Caroline, MD",1360553
"24013","Carroll, MD",5956989
"24015","Cecil, MD",4630750
"24017","Charles, MD",5118657
"24019","Dorchester, MD",1270180
"24021","Frederick, MD",12408352
"24023","Garrett, MD",1292477
"24025","Harford, MD",12067932
"24027","Howard, MD",24662356
"24029","Kent, MD",939163
"24031","Montgomery, MD",84895717
"24033","Prince George's, MD",42073965
"24035","Queen Anne's, MD",1787711
"24037","St. Mary's, MD",6806268
"24039","Somerset, MD",893635
"24041","Talbot, MD",1966907
"24043","Washington, MD",6871045
"24045","Wicomico, MD",4937014
"24047","Worcester, MD",2862443
"24510","Baltimore (Independent City), MD",46420459
"25001","Barnstable, MA",13587539
"25003","Berkshire, MA",6649401
"25005","Bristol, MA",25348582
"25007","Dukes, MA",1983472
"25009","Essex, MA",43828344
"25011","Franklin, MA",2890056
"25013","Hampden, MA",20988224
"25015","Hampshire, MA",7299058
"25017","Middlesex, MA",163489036
"25019","Nantucket, MA",2052716
"25021","Norfolk, MA",51270244
"25023","Plymouth, MA",25102280
"25025","Suffolk, MA",114696871
"25027","Worcester, MA",40840078
"26001","Alcona, MI",224122
"26003","Alger, MI",226329
"26005","Allegan, MI",4022455
"26007","Alpena, MI",1026392
"26009","Antrim, MI",533730
"26011","Arenac, MI",429490
"26013","Baraga, MI",239962
"26015","Barry, MI",1501106
"26017","Bay, MI",3323417
"26019","Benzie, MI",425467
"26021","Berrien, MI",7043241
"26023","Branch, MI",1308754
"26025","Calhoun, MI",5848265
"26027","Cass, MI",1059521
"26029","Charlevoix, MI",1110353
"26031","Cheboygan, MI",603871
"26033","Chippewa, MI",1064432
"26035","Clare, MI",935235
"26037","Clinton, MI",2050482
"26039","Crawford, MI",412201
"26041","Delta, MI",1176574
"26043","Dickinson, MI",1232370
"26045","Eaton, MI",4876632
"26047","Emmet, MI",1620360
"26049","Genesee, MI",14994994
"26051","Gladwin, MI",471364
"26053","Gogebic, MI",447700
"26055","Grand Traverse, MI",4648972
"26057","Gratiot, MI",1315990
"26059","Hillsdale, MI",1421987
"26061","Houghton, MI",1036686
"26063","Huron, MI",1642311
"26065","Ingham, MI",15335990
"26067","Ionia, MI",1528792
"26069","Iosco, MI",828349
"26071","Iron, MI",309953
"26073","Isabella, MI",2187561
"26075","Jackson, MI",5684311
"26077","Kalamazoo, MI",12819078
"26079","Kalkaska, MI",505887
"26081","Kent, MI",38854663
"26083","Keweenaw, MI",48771
"26085","Lake, MI",213636
"26087","Lapeer, MI",2086670
"26089","Leelanau, MI",689264
"26091","Lenawee, MI",2707924
"26093","Livingston, MI",6454115
"26095","Luce, MI",152079
"26097","Mackinac, MI",419156
"26099","Macomb, MI",36676006
"26101","Manistee, MI",717935
"26103","Marquette, MI",2944373
"26105","Mason, MI",993763
"26107","Mecosta, MI",1132371
"26109","Menominee, MI",726270
"26111","Midland, MI",4962643
"26113","Missaukee, MI",492220
"26115","Monroe, MI",5387072
"26117","Montcalm, MI",1499535
"26119","Montmorency, MI",305444
"26121","Muskegon, MI",5857270
"26123","Newaygo, MI",1415438
"26125","Oakland, MI",95044159
"26127","Oceana, MI",669523
"26129","Ogemaw, MI",557933
"26131","Ontonagon, MI",125873
"26133","Osceola, MI",706600
"26135","Oscoda, MI",204586
"26137","Otsego, MI",964471
"26139","Ottawa, MI",13165723
"26141","Presque Isle, MI",364070
"26143","Roscommon, MI",589237
"26145","Saginaw, MI",7665760
"26147","St. Clair, MI",4844169
"26149","St. Joseph, MI",1889119
"26151","Sanilac, MI",1315242
"26153","Schoolcraft, MI",292604
"26155","Shiawassee, MI",1573326
"26157","Tuscola, MI",1210428
"26159","Van Buren, MI",2638934
"26161","Washtenaw, MI",22430838
"26163","Wayne, MI",91992838
"26165","Wexford, MI",1171921
"27001","Aitkin, MN",448562
"27003","Anoka, MN",13926256
"27005","Becker, MN",1380383
"27007","Beltrami, MN",1663946
"27009","Benton, MN",1672939
"27011","Big Stone, MN",227714
"27013","Blue Earth, MN",3904767
"27015","Brown, MN",1525918
"27017","Carlton, MN",1188386
"27019","Carver, MN",4877571
"27021","Cass, MN",957995
"27023","Chippewa, MN",648647
"27025","Chisago, MN",1446831
"27027","Clay, MN",1869286
"27029","Clearwater, MN",274921
"27031","Cook, MN",247145
"27033","Cottonwood, MN",710828
"27035","Crow Wing, MN",2504756
"27037","Dakota, MN",25815161
"27039","Dodge, MN",681047
"27041","Douglas, MN",1832801
"27043","Faribault, MN",588959
"27045","Fillmore, MN",705316
"27047","Freeborn, MN",1260817
"27049","Goodhue, MN",2850139
"27051","Grant, MN",282218
"27053","Hennepin, MN",125835824
"27055","Houston, MN",577214
"27057","Hubbard, MN",652253
"27059","Isanti, MN",1036423
"27061","Itasca, MN",2081915
"27063","Jackson, MN",719701
"27065","Kanabec, MN",375374
"27067","Kandiyohi, MN",2266679
"27069","Kittson, MN",188376
"27071","Koochiching, MN",518855
"27073","Lac qui Parle, MN",317095
"27075","Lake, MN",707586
"27077","Lake of the Woods, MN",175830
"27079","Le Sueur, MN",1026787
"27081","Lincoln, MN",381329
"27083","Lyon, MN",1585216
"27085","McLeod, MN",1720342
"27087","Mahnomen, MN",158620
"27089","Marshall, MN",330811
"27091","Martin, MN",1200781
"27093","Meeker, MN",846198
"27095","Mille Lacs, MN",766045
"27097","Morrison, MN",1223822
"27099","Mower, MN",1778847
"27101","Murray, MN",633492
"27103","Nicollet, MN",1540170
"27105","Nobles, MN",1404059
"27107","Norman, MN",195722
"27109","Olmsted, MN",10750877
"27111","Otter Tail, MN",2340334
"27113","Pennington, MN",1479503
"27115","Pine, MN",646826
"27117","Pipestone, MN",790096
"27119","Polk, MN",1221554
"27121","Pope, MN",544834
"27123","Ramsey, MN",39364182
"27125","Red Lake, MN",150058
"27127","Redwood, MN",907097
"27129","Renville, MN",826851
"27131","Rice, MN",2603069
"27133","Rock, MN",802253
"27135","Roseau, MN",1206687
"27137","St. Louis, MN",10964968
"27139","Scott, MN",6074577
"27141","Sherburne, MN",3107519
"27143","Sibley, MN",471010
"27145","Stearns, MN",8149046
"27147","Steele, MN",2231122
"27149","Stevens, MN",682666
"27151","Swift, MN",535232
"27153","Todd, MN",852304
"27155","Traverse, MN",227202
"27157","Wabasha, MN",756510
"27159","Wadena, MN",513631
"27161","Waseca, MN",806165
"27163","Washington, MN",10371878
"27165","Watonwan, MN",533939
"27167","Wilkin, MN",276138
"27169","Winona, MN",2348292
"27171","Wright, MN",4158575
"27173","Yellow Medicine, MN",595988
"28001","Adams, MS",911665
"28003","Alcorn, MS",1111411
"28005","Amite, MS",238048
"28007","Attala, MS",431951
"28009","Benton, MS",230407
"28011","Bolivar, MS",990380
"28013","Calhoun, MS",259860
"28015","Carroll, MS",116847
"28017","Chickasaw, MS",509946
"28019","Choctaw, MS",623843
"28021","Claiborne, MS",687937
"28023","Clarke, MS",283323
"28025","Clay, MS",525372
"28027","Coahoma, MS",685522
"28029","Copiah, MS",572122
"28031","Covington, MS",594969
"28033","DeSoto, MS",5023485
"28035","Forrest, MS",3262353
"28037","Franklin, MS",168862
"28039","George, MS",402044
"28041","Greene, MS",148158
"28043","Grenada, MS",833077
"28045","Hancock, MS",1512690
"28047","Harrison, MS",7841008
"28049","Hinds, MS",11066328
"28051","Holmes, MS",272114
"28053","Humphreys, MS",184049
"28055","Issaquena, MS",27469
"28057","Itawamba, MS",512345
"28059","Jackson, MS",7502028
"28061","Jasper, MS",567192
"28063","Jefferson, MS",118147
"28065","Jefferson Davis, MS",184291
"28067","Jones, MS",2581945
"28069","Kemper, MS",339381
"28071","Lafayette, MS",1877682
"28073","Lamar, MS",1477234
"28075","Lauderdale, MS",2984772
"28077","Lawrence, MS",324355
"28079","Leake, MS",535217
"28081","Lee, MS",4562016
"28083","Leflore, MS",1101331
"28085","Lincoln, MS",1094620
"28087","Lowndes, MS",2703896
"28089","Madison, MS",5564542
"28091","Marion, MS",811934
"28093","Marshall, MS",632678
"28095","Monroe, MS",901150
"28097","Montgomery, MS",187983
"28099","Neshoba, MS",977928
"28101","Newton, MS",483969
"28103","Noxubee, MS",233520
"28105","Oktibbeha, MS",1585930
"28107","Panola, MS",1029539
"28109","Pearl River, MS",926435
"28111","Perry, MS",270885
"28113","Pike, MS",1061494
"28115","Pontotoc, MS",857098
"28117","Prentiss, MS",551159
"28119","Quitman, MS",97378
"28121","Rankin, MS",5856109
"28123","Scott, MS",1118116
"28125","Sharkey, MS",100091
"28127","Simpson, MS",547518
"28129","Smith, MS",426526
"28131","Stone, MS",320083
"28133","Sunflower, MS",623241
"28135","Tallahatchie, MS",271777
"28137","Tate, MS",465909
"28139","Tippah, MS",529468
"28141","Tishomingo, MS",489187
"28143","Tunica, MS",499243
"28145","Union, MS",1012815
"28147","Walthall, MS",272712
"28149","Warren, MS",2167962
"28151","Washington, MS",1388604
"28153","Wayne, MS",652728
"28155","Webster, MS",172228
"28157","Wilkinson, MS",140246
"28159","Winston, MS",504568
"28161","Yalobusha, MS",267484
"28163","Yazoo, MS",694994
"29001","Adair, MO",765086
"29003","Andrew, MO",304685
"29005","Atchison, MO",356830
"29007","Audrain, MO",941826
"29009","Barry, MO",1417048
"29011","Barton, MO",341905
"29013","Bates, MO",412091
"29015","Benton, MO",386339
"29017","Bollinger, MO",188667
"29019","Boone, MO",8490334
"29021","Buchanan, MO",4732176
"29023","Butler, MO",1345165
"29025","Caldwell, MO",215807
"29027","Callaway, MO",1700717
"29029","Camden, MO",1392720
"29031","Cape Girardeau, MO",3779355
"29033","Carroll, MO",390466
"29035","Carter, MO",116530
"29037","Cass, MO",2351339
"29039","Cedar, MO",255523
"29041","Chariton, MO",314351
"29043","Christian, MO",1485142
"29045","Clark, MO",156113
"29047","Clay, MO",10874943
"29049","Clinton, MO",364674
"29051","Cole, MO",4561638
"29053","Cooper, MO",425288
"29055","Crawford, MO",633102
"29057","Dade, MO",185151
"29059","Dallas, MO",253147
"29061","Daviess, MO",205509
"29063","DeKalb, MO",306599
"29065","Dent, MO",343108
"29067","Douglas, MO",210978
"29069","Dunklin, MO",774877
"29071","Franklin, MO",4190570
"29073","Gasconade, MO",445427
"29075","Gentry, MO",255835
"29077","Greene, MO",14915199
"29079","Grundy, MO",361548
"29081","Harrison, MO",259849
"29083","Henry, MO",665048
"29085","Hickory, MO",137917
"29087","Holt, MO",260778
"29089","Howard, MO",224926
"29091","Howell, MO",1176686
"29093","Iron, MO",436639
"29095","Jackson, MO",42560378
"29097","Jasper, MO",5262399
"29099","Jefferson, MO",4451284
"29101","Johnson, MO",1663714
"29103","Knox, MO",141143
"29105","Laclede, MO",1144863
"29107","Lafayette, MO",782864
"29109","Lawrence, MO",839042
"29111","Lewis, MO",227766
"29113","Lincoln, MO",1085666
"29115","Linn, MO",410056
"29117","Livingston, MO",559216
"29119","McDonald, MO",637328
"29121","Macon, MO",586128
"29123","Madison, MO",280534
"29125","Maries, MO",168144
"29127","Marion, MO",1100481
"29129","Mercer, MO",123803
"29131","Miller, MO",659978
"29133","Mississippi, MO",368253
"29135","Moniteau, MO",380527
"29137","Monroe, MO",203706
"29139","Montgomery, MO",322276
"29141","Morgan, MO",476222
"29143","New Madrid, MO",1056171
"29145","Newton, MO",1886589
"29147","Nodaway, MO",702044
"29149","Oregon, MO",209832
"29151","Osage, MO",405815
"29153","Ozark, MO",133899
"29155","Pemiscot, MO",459684
"29157","Perry, MO",946198
"29159","Pettis, MO",1594625
"29161","Phelps, MO",1454887
"29163","Pike, MO",506110
"29165","Platte, MO",6326768
"29167","Polk, MO",758232
"29169","Pulaski, MO",2072099
"29171","Putnam, MO",141364
"29173","Ralls, MO",400620
"29175","Randolph, MO",1170909
"29177","Ray, MO",499505
"29179","Reynolds, MO",243448
"29181","Ripley, MO",211555
"29183","St. Charles, MO",15105267
"29185","St. Clair, MO",153668
"29186","Ste. Genevieve, MO",574344
"29187","St. Francois, MO",1565796
"29189","St. Louis, MO",72235760
"29195","Saline, MO",897440
"29197","Schuyler, MO",105908
"29199","Scotland, MO",155301
"29201","Scott, MO",1497410
"29203","Shannon, MO",149430
"29205","Shelby, MO",166087
"29207","Stoddard, MO",945410
"29209","Stone, MO",636661
"29211","Sullivan, MO",382520
"29213","Taney, MO",2208252
"29215","Texas, MO",539124
"29217","Vernon, MO",877897
"29219","Warren, MO",734299
"29221","Washington, MO",348935
"29223","Wayne, MO",208108
"29225","Webster, MO",654813
"29227","Worth, MO",73353
"29229","Wright, MO",326760
"29510","St. Louis (Independent City), MO",27095648
"30001","Beaverhead, MT",450242
"30003","Big Horn, MT",1120386
"30005","Blaine, MT",213355
"30007","Broadwater, MT",190269
"30009","Carbon, MT",342474
"30011","Carter, MT",56068
"30013","Cascade, MT",3635635
"30015","Chouteau, MT",276002
"30017","Custer, MT",448657
"30019","Daniels, MT",88666
"30021","Dawson, MT",392007
"30023","Deer Lodge, MT",258034
"30025","Fallon, MT",213047
"30027","Fergus, MT",508946
"30029","Flathead, MT",3779150
"30031","Gallatin, MT",5448923
"30033","Garfield, MT",42570
"30035","Glacier, MT",467607
"30037","Golden Valley, MT",29900
"30039","Granite, MT",92319
"30041","Hill, MT",772813
"30043","Jefferson, MT",264319
"30045","Judith Basin, MT",136722
"30047","Lake, MT",744908
"30049","Lewis and Clark, MT",3170432
"30051","Liberty, MT",233894
"30053","Lincoln, MT",497121
"30055","McCone, MT",99531
"30057","Madison, MT",454009
"30059","Meagher, MT",74248
"30061","Mineral, MT",94908
"30063","Missoula, MT",5042539
"30065","Musselshell, MT",358031
"30067","Park, MT",524179
"30069","Petroleum, MT",22870
"30071","Phillips, MT",133896
"30073","Pondera, MT",258446
"30075","Powder River, MT",115868
"30077","Powell, MT",223885
"30079","Prairie, MT",51960
"30081","Ravalli, MT",1009474
"30083","Richland, MT",962748
"30085","Roosevelt, MT",425354
"30087","Rosebud, MT",903677
"30089","Sanders, MT",309200
"30091","Sheridan, MT",165659
"30093","Silver Bow, MT",1427644
"30095","Stillwater, MT",698282
"30097","Sweet Grass, MT",230528
"30099","Teton, MT",285527
"30101","Toole, MT",384508
"30103","Treasure, MT",126328
"30105","Valley, MT",303160
"30107","Wheatland, MT",105590
"30109","Wibaux, MT",41099
"30111","Yellowstone, MT",9037173
"31001","Adams, NE",1837838
"31003","Antelope, NE",526858
"31005","Arthur, NE",26511
"31007","Banner, NE",57248
"31009","Blaine, NE",42159
"31011","Boone, NE",448508
"31013","Box Butte, NE",629478
"31015","Boyd, NE",145884
"31017","Brown, NE",262447
"31019","Buffalo, NE",2705563
"31021","Burt, NE",356159
"31023","Butler, NE",301858
"31025","Cass, NE",742129
"31027","Cedar, NE",410196
"31029","Chase, NE",351207
"31031","Cherry, NE",348240
"31033","Cheyenne, NE",528070
"31035","Clay, NE",324175
"31037","Colfax, NE",662562
"31039","Cuming, NE",1061995
"31041","Custer, NE",790653
"31043","Dakota, NE",1415362
"31045","Dawes, NE",273401
"31047","Dawson, NE",1512022
"31049","Deuel, NE",86030
"31051","Dixon, NE",267450
"31053","Dodge, NE",1864024
"31055","Douglas, NE",43360593
"31057","Dundy, NE",212942
"31059","Fillmore, NE",386065
"31061","Franklin, NE",84373
"31063","Frontier, NE",92701
"31065","Furnas, NE",235566
"31067","Gage, NE",921230
"31069","Garden, NE",90278
"31071","Garfield, NE",83487
"31073","Gosper, NE",102223
"31075","Grant, NE",40289
"31077","Greeley, NE",100206
"31079","Hall, NE",3295265
"31081","Hamilton, NE",630019
"31083","Harlan, NE",248504
"31085","Hayes, NE",79083
"31087","Hitchcock, NE",119515
"31089","Holt, NE",699543
"31091","Hooker, NE",41413
"31093","Howard, NE",250456
"31095","Jefferson, NE",424202
"31097","Johnson, NE",177686
"31099","Kearney, NE",375068
"31101","Keith, NE",394058
"31103","Keya Paha, NE",47057
"31105","Kimball, NE",173552
"31107","Knox, NE",410603
"31109","Lancaster, NE",17196581
"31111","Lincoln, NE",2230091
"31113","Logan, NE",40504
"31115","Loup, NE",51684
"31117","McPherson, NE",31433
"31119","Madison, NE",2233309
"31121","Merrick, NE",424024
"31123","Morrill, NE",647043
"31125","Nance, NE",132587
"31127","Nemaha, NE",690637
"31129","Nuckolls, NE",270982
"31131","Otoe, NE",1191884
"31133","Pawnee, NE",112773
"31135","Perkins, NE",311942
"31137","Phelps, NE",898927
"31139","Pierce, NE",349152
"31141","Platte, NE",2369433
"31143","Polk, NE",298488
"31145","Red Willow, NE",516301
"31147","Richardson, NE",385610
"31149","Rock, NE",106470
"31151","Saline, NE",860894
"31153","Sarpy, NE",6996704
"31155","Saunders, NE",730108
"31157","Scotts Bluff, NE",1640471
"31159","Seward, NE",724661
"31161","Sheridan, NE",275177
"31163","Sherman, NE",108612
"31165","Sioux, NE",92137
"31167","Stanton, NE",269759
"31169","Thayer, NE",391909
"31171","Thomas, NE",45228
"31173","Thurston, NE",417458
"31175","Valley, NE",286551
"31177","Washington, NE",1084442
"31179","Wayne, NE",414375
"31181","Webster, NE",292114
"31183","Wheeler, NE",174001
"31185","York, NE",765383
"32001","Churchill, NV",1102051
"32003","Clark, NV",110102880
"32005","Douglas, NV",2384536
"32007","Elko, NV",2732832
"32009","Esmeralda, NV",42948
"32011","Eureka, NV",1433020
"32013","Humboldt, NV",1270518
"32015","Lander, NV",864197
"32017","Lincoln, NV",156813
"32019","Lyon, NV",1431130
"32021","Mineral, NV",210009
"32023","Nye, NV",1688994
"32027","Pershing, NV",311813
"32029","Storey, NV",1731617
"32031","Washoe, NV",24111788
"32033","White Pine, NV",658795
"32510","Carson City (Independent City), NV",3351143
"33001","Belknap, NH",2636577
"33003","Carroll, NH",2051584
"33005","Cheshire, NH",3506538
"33007","Coos, NH",1164452
"33009","Grafton, NH",6193813
"33011","Hillsborough, NH",25687589
"33013","Merrimack, NH",9123881
"33015","Rockingham, NH",19908196
"33017","Strafford, NH",5481378
"33019","Sullivan, NH",1496081
"34001","Atlantic, NJ",12593490
"34003","Bergen, NJ",70158193
"34005","Burlington, NJ",25725252
"34007","Camden, NJ",23558717
"34009","Cape May, NJ",5070716
"34011","Cumberland, NJ",6007622
"34013","Essex, NJ",52070494
"34015","Gloucester, NJ",14017096
"34017","Hudson, NJ",43847173
"34019","Hunterdon, NJ",6820939
"34021","Mercer, NJ",31467636
"34023","Middlesex, NJ",57745463
"34025","Monmouth, NJ",32123913
"34027","Morris, NJ",49285606
"34029","Ocean, NJ",18511055
"34031","Passaic, NJ",20744966
"34033","Salem, NJ",4729720
"34035","Somerset, NJ",38123619
"34037","Sussex, NJ",4438507
"34039","Union, NJ",35935725
"34041","Warren, NJ",3911548
"35001","Bernalillo, NM",34271103
"35003","Catron, NM",82383
"35005","Chaves, NM",2150307
"35006","Cibola, NM",616921
"35007","Colfax, NM",469464
"35009","Curry, NM",2931973
"35011","De Baca, NM",87570
"35013","Doa Ana, NM",6858097
"35015","Eddy, NM",10669709
"35017","Grant, NM",1119613
"35019","Guadalupe, NM",143684
"35021","Harding, NM",104726
"35023","Hidalgo, NM",210430
"35025","Lea, NM",9291716
"35027","Lincoln, NM",618040
"35028","Los Alamos, NM",2247823
"35029","Luna, NM",807091
"35031","McKinley, NM",2442637
"35033","Mora, NM",102207
"35035","Otero, NM",2570871
"35037","Quay, NM",296499
"35039","Rio Arriba, NM",1411689
"35041","Roosevelt, NM",707910
"35043","Sandoval, NM",3195392
"35045","San Juan, NM",5907349
"35047","San Miguel, NM",620243
"35049","Santa Fe, NM",5977058
"35051","Sierra, NM",306064
"35053","Socorro, NM",490809
"35055","Taos, NM",927558
"35057","Torrance, NM",400641
"35059","Union, NM",252761
"35061","Valencia, NM",1382748
"36001","Albany, NY",29266237
"36003","Allegany, NY",1399890
"36005","Bronx, NY",43747638
"36007","Broome, NY",8853738
"36009","Cattaraugus, NY",2836142
"36011","Cayuga, NY",2735905
"36013","Chautauqua, NY",4805586
"36015","Chemung, NY",3627023
"36017","Chenango, NY",2195088
"36019","Clinton, NY",3512019
"36021","Columbia, NY",2189577
"36023","Cortland, NY",1763836
"36025","Delaware, NY",1968259
"36027","Dutchess, NY",12795732
"36029","Erie, NY",53934431
"36031","Essex, NY",1513993
"36033","Franklin, NY",1847700
"36035","Fulton, NY",1856429
"36037","Genesee, NY",2416187
"36039","Greene, NY",2139990
"36041","Hamilton, NY",204066
"36043","Herkimer, NY",1787691
"36045","Jefferson, NY",5873301
"36047","Kings, NY",93907140
"36049","Lewis, NY",1027075
"36051","Livingston, NY",2097619
"36053","Madison, NY",2255700
"36055","Monroe, NY",43139246
"36057","Montgomery, NY",1898461
"36059","Nassau, NY",84577529
"36061","New York, NY",635274518
"36063","Niagara, NY",9096598
"36065","Oneida, NY",10738937
"36067","Onondaga, NY",29287721
"36069","Ontario, NY",5565363
"36071","Orange, NY",16943328
"36073","Orleans, NY",1256696
"36075","Oswego, NY",6190346
"36077","Otsego, NY",2515452
"36079","Putnam, NY",3247136
"36081","Queens, NY",95547729
"36083","Rensselaer, NY",7541296
"36085","Richmond, NY",15117375
"36087","Rockland, NY",15388205
"36089","St. Lawrence, NY",4444915
"36091","Saratoga, NY",10512537
"36093","Schenectady, NY",8076555
"36095","Schoharie, NY",1062684
"36097","Schuyler, NY",504894
"36099","Seneca, NY",1496345
"36101","Steuben, NY",4280609
"36103","Suffolk, NY",82540571
"36105","Sullivan, NY",2807164
"36107","Tioga, NY",1793763
"36109","Tompkins, NY",5495122
"36111","Ulster, NY",6546138
"36113","Warren, NY",4042109
"36115","Washington, NY",1734210
"36117","Wayne, NY",3802074
"36119","Westchester, NY",72597777
"36121","Wyoming, NY",1675101
"36123","Yates, NY",868690
"37001","Alamance, NC",5623983
"37003","Alexander, NC",774256
"37005","Alleghany, NC",321905
"37007","Anson, NC",785530
"37009","Ashe, NC",707035
"37011","Avery, NC",582638
"37013","Beaufort, NC",2187460
"37015","Bertie, NC",630369
"37017","Bladen, NC",1343102
"37019","Brunswick, NC",4083261
"37021","Buncombe, NC",12799956
"37023","Burke, NC",2525386
"37025","Cabarrus, NC",6840619
"37027","Caldwell, NC",2374194
"37029","Camden, NC",131602
"37031","Carteret, NC",2366766
"37033","Caswell, NC",344408
"37035","Catawba, NC",8402966
"37037","Chatham, NC",1500826
"37039","Cherokee, NC",679917
"37041","Chowan, NC",604087
"37043","Clay, NC",219075
"37045","Cleveland, NC",4034485
"37047","Columbus, NC",1421895
"37049","Craven, NC",4650416
"37051","Cumberland, NC",16034887
"37053","Currituck, NC",640153
"37055","Dare, NC",2170994
"37057","Davidson, NC",4512771
"37059","Davie, NC",1251143
"37061","Duplin, NC",1990950
"37063","Durham, NC",32944829
"37065","Edgecombe, NC",1633606
"37067","Forsyth, NC",23220946
"37069","Franklin, NC",1745090
"37071","Gaston, NC",7051440
"37073","Gates, NC",169744
"37075","Graham, NC",220230
"37077","Granville, NC",3089433
"37079","Greene, NC",481319
"37081","Guilford, NC",31944560
"37083","Halifax, NC",1409282
"37085","Harnett, NC",2284646
"37087","Haywood, NC",1773953
"37089","Henderson, NC",3637047
"37091","Hertford, NC",777147
"37093","Hoke, NC",974271
"37095","Hyde, NC",157972
"37097","Iredell, NC",7926566
"37099","Jackson, NC",1377794
"37101","Johnston, NC",6872934
"37103","Jones, NC",208304
"37105","Lee, NC",2483237
"37107","Lenoir, NC",2832977
"37109","Lincoln, NC",2682376
"37111","McDowell, NC",1668075
"37113","Macon, NC",1357611
"37115","Madison, NC",397278
"37117","Martin, NC",640195
"37119","Mecklenburg, NC",98066733
"37121","Mitchell, NC",492695
"37123","Montgomery, NC",833728
"37125","Moore, NC",3217766
"37127","Nash, NC",4973995
"37129","New Hanover, NC",12020702
"37131","Northampton, NC",587318
"37133","Onslow, NC",8030430
"37135","Orange, NC",8115462
"37137","Pamlico, NC",261854
"37139","Pasquotank, NC",1361606
"37141","Pender, NC",1256637
"37143","Perquimans, NC",257121
"37145","Person, NC",1498681
"37147","Pitt, NC",8645832
"37149","Polk, NC",428954
"37151","Randolph, NC",3924280
"37153","Richmond, NC",1849632
"37155","Robeson, NC",3539649
"37157","Rockingham, NC",2715511
"37159","Rowan, NC",4971797
"37161","Rutherford, NC",1727558
"37163","Sampson, NC",1946959
"37165","Scotland, NC",1118746
"37167","Stanly, NC",1732209
"37169","Stokes, NC",1012554
"37171","Surry, NC",2317293
"37173","Swain, NC",586745
"37175","Transylvania, NC",1203051
"37177","Tyrrell, NC",122157
"37179","Union, NC",6558534
"37181","Vance, NC",1174030
"37183","Wake, NC",76027737
"37185","Warren, NC",283683
"37187","Washington, NC",244716
"37189","Watauga, NC",2020410
"37191","Wayne, NC",4535153
"37193","Wilkes, NC",2230037
"37195","Wilson, NC",4005692
"37197","Yadkin, NC",883086
"37199","Yancey, NC",393823
"38001","Adams, ND",177990
"38003","Barnes, ND",612311
"38005","Benson, ND",239211
"38007","Billings, ND",209871
"38009","Bottineau, ND",466287
"38011","Bowman, ND",248981
"38013","Burke, ND",226353
"38015","Burleigh, ND",5094810
"38017","Cass, ND",11705258
"38019","Cavalier, ND",448025
"38021","Dickey, ND",424745
"38023","Divide, ND",184144
"38025","Dunn, ND",993983
"38027","Eddy, ND",135512
"38029","Emmons, ND",173759
"38031","Foster, ND",239134
"38033","Golden Valley, ND",84207
"38035","Grand Forks, ND",3789214
"38037","Grant, ND",129060
"38039","Griggs, ND",163954
"38041","Hettinger, ND",91152
"38043","Kidder, ND",157783
"38045","LaMoure, ND",307461
"38047","Logan, ND",149943
"38049","McHenry, ND",266216
"38051","McIntosh, ND",162718
"38053","McKenzie, ND",3365807
"38055","McLean, ND",727586
"38057","Mercer, ND",909956
"38059","Morton, ND",1521085
"38061","Mountrail, ND",1569744
"38063","Nelson, ND",170490
"38065","Oliver, ND",237513
"38067","Pembina, ND",483728
"38069","Pierce, ND",207168
"38071","Ramsey, ND",581324
"38073","Ransom, ND",283596
"38075","Renville, ND",231679
"38077","Richland, ND",823241
"38079","Rolette, ND",384869
"38081","Sargent, ND",716601
"38083","Sheridan, ND",45299
"38085","Sioux, ND",139036
"38087","Slope, ND",44021
"38089","Stark, ND",2632907
"38091","Steele, ND",139811
"38093","Stutsman, ND",1255819
"38095","Towner, ND",140587
"38097","Traill, ND",428221
"38099","Walsh, ND",573679
"38101","Ward, ND",3688743
"38103","Wells, ND",294250
"38105","Williams, ND",5226790
"39001","Adams, OH",672809
"39003","Allen, OH",7920377
"39005","Ashland, OH",1601253
"39007","Ashtabula, OH",2861784
"39009","Athens, OH",1961428
"39011","Auglaize, OH",2250870
"39013","Belmont, OH",5999449
"39015","Brown, OH",755944
"39017","Butler, OH",20153862
"39019","Carroll, OH",2363506
"39021","Champaign, OH",1052665
"39023","Clark, OH",4327627
"39025","Clermont, OH",7525264
"39027","Clinton, OH",2096089
"39029","Columbiana, OH",3048798
"39031","Coshocton, OH",1318252
"39033","Crawford, OH",1247536
"39035","Cuyahoga, OH",87921020
"39037","Darke, OH",2017773
"39039","Defiance, OH",1681059
"39041","Delaware, OH",10388012
"39043","Erie, OH",4728241
"39045","Fairfield, OH",3881595
"39047","Fayette, OH",2511257
"39049","Franklin, OH",87835114
"39051","Fulton, OH",1945365
"39053","Gallia, OH",2014001
"39055","Geauga, OH",3797778
"39057","Greene, OH",8981586
"39059","Guernsey, OH",3064842
"39061","Hamilton, OH",70337978
"39063","Hancock, OH",5042003
"39065","Hardin, OH",903793
"39067","Harrison, OH",2443305
"39069","Henry, OH",1157779
"39071","Highland, OH",1049283
"39073","Hocking, OH",593361
"39075","Holmes, OH",2286066
"39077","Huron, OH",2080175
"39079","Jackson, OH",953319
"39081","Jefferson, OH",4534029
"39083","Knox, OH",2014995
"39085","Lake, OH",10266470
"39087","Lawrence, OH",1692748
"39089","Licking, OH",5855613
"39091","Logan, OH",1932972
"39093","Lorain, OH",9390379
"39095","Lucas, OH",24555878
"39097","Madison, OH",1697996
"39099","Mahoning, OH",8710965
"39101","Marion, OH",2651009
"39103","Medina, OH",6802952
"39105","Meigs, OH",346034
"39107","Mercer, OH",2360166
"39109","Miami, OH",4051825
"39111","Monroe, OH",3333778
"39113","Montgomery, OH",26973502
"39115","Morgan, OH",284388
"39117","Morrow, OH",612078
"39119","Muskingum, OH",3610907
"39121","Noble, OH",1014267
"39123","Ottawa, OH",1867636
"39125","Paulding, OH",566905
"39127","Perry, OH",690892
"39129","Pickaway, OH",1514579
"39131","Pike, OH",1055613
"39133","Portage, OH",5589312
"39135","Preble, OH",1054613
"39137","Putnam, OH",1153826
"39139","Richland, OH",4370872
"39141","Ross, OH",2587828
"39143","Sandusky, OH",2720589
"39145","Scioto, OH",2804540
"39147","Seneca, OH",1799666
"39149","Shelby, OH",2955928
"39151","Stark, OH",16077936
"39153","Summit, OH",27497738
"39155","Trumbull, OH",6878360
"39157","Tuscarawas, OH",3485612
"39159","Union, OH",3943024
"39161","Van Wert, OH",1223087
"39163","Vinton, OH",255942
"39165","Warren, OH",10501867
"39167","Washington, OH",3349033
"39169","Wayne, OH",5740974
"39171","Williams, OH",1683035
"39173","Wood, OH",6514796
"39175","Wyandot, OH",974843
"40001","Adair, OK",424600
"40003","Alfalfa, OK",256908
"40005","Atoka, OK",289264
"40007","Beaver, OK",422636
"40009","Beckham, OK",1094988
"40011","Blaine, OK",448726
"40013","Bryan, OK",1478085
"40015","Caddo, OK",788060
"40017","Canadian, OK",3978646
"40019","Carter, OK",2804679
"40021","Cherokee, OK",1098009
"40023","Choctaw, OK",351859
"40025","Cimarron, OK",263668
"40027","Cleveland, OK",7137363
"40029","Coal, OK",153461
"40031","Comanche, OK",4525377
"40033","Cotton, OK",158666
"40035","Craig, OK",451144
"40037","Creek, OK",1838545
"40039","Custer, OK",1603291
"40041","Delaware, OK",873483
"40043","Dewey, OK",318272
"40045","Ellis, OK",272970
"40047","Garfield, OK",3201330
"40049","Garvin, OK",1336927
"40051","Grady, OK",1471980
"40053","Grant, OK",426259
"40055","Greer, OK",104806
"40057","Harmon, OK",100617
"40059","Harper, OK",298160
"40061","Haskell, OK",353657
"40063","Hughes, OK",645682
"40065","Jackson, OK",1016251
"40067","Jefferson, OK",123653
"40069","Johnston, OK",342986
"40071","Kay, OK",1636746
"40073","Kingfisher, OK",1134708
"40075","Kiowa, OK",261520
"40077","Latimer, OK",353995
"40079","Le Flore, OK",1352220
"40081","Lincoln, OK",715056
"40083","Logan, OK",645454
"40085","Love, OK",406018
"40087","McClain, OK",958504
"40089","McCurtain, OK",987978
"40091","McIntosh, OK",334852
"40093","Major, OK",365520
"40095","Marshall, OK",403704
"40097","Mayes, OK",1660771
"40099","Murray, OK",501587
"40101","Muskogee, OK",2792407
"40103","Noble, OK",602979
"40105","Nowata, OK",184203
"40107","Okfuskee, OK",210966
"40109","Oklahoma, OK",64387819
"40111","Okmulgee, OK",789620
"40113","Osage, OK",879308
"40115","Ottawa, OK",984750
"40117","Pawnee, OK",363412
"40119","Payne, OK",3064031
"40121","Pittsburg, OK",1746640
"40123","Pontotoc, OK",1803203
"40125","Pottawatomie, OK",1990187
"40127","Pushmataha, OK",205420
"40129","Roger Mills, OK",136108
"40131","Rogers, OK",2826432
"40133","Seminole, OK",681462
"40135","Sequoyah, OK",699209
"40137","Stephens, OK",1521576
"40139","Texas, OK",2073407
"40141","Tillman, OK",220897
"40143","Tulsa, OK",46449223
"40145","Wagoner, OK",1062558
"40147","Washington, OK",8079688
"40149","Washita, OK",240988
"40151","Woods, OK",879146
"40153","Woodward, OK",1116850
"41001","Baker, OR",621854
"41003","Benton, OR",4457457
"41005","Clackamas, OR",19720314
"41007","Clatsop, OR",1850902
"41009","Columbia, OR",1249316
"41011","Coos, OR",2282327
"41013","Crook, OR",805653
"41015","Curry, OR",633945
"41017","Deschutes, OR",8670438
"41019","Douglas, OR",3494914
"41021","Gilliam, OR",224906
"41023","Grant, OR",251263
"41025","Harney, OR",288772
"41027","Hood River, OR",1200084
"41029","Jackson, OR",8612882
"41031","Jefferson, OR",715346
"41033","Josephine, OR",2722587
"41035","Klamath, OR",2395999
"41037","Lake, OR",341019
"41039","Lane, OR",15482217
"41041","Lincoln, OR",1843415
"41043","Linn, OR",4692052
"41045","Malheur, OR",1379311
"41047","Marion, OR",15370750
"41049","Morrow, OR",1613890
"41051","Multnomah, OR",63193837
"41053","Polk, OR",1878937
"41055","Sherman, OR",518432
"41057","Tillamook, OR",1160441
"41059","Umatilla, OR",3232447
"41061","Union, OR",916140
"41063","Wallowa, OR",330086
"41065","Wasco, OR",1276639
"41067","Washington, OR",48463443
"41069","Wheeler, OR",35747
"41071","Yamhill, OR",3481930
"42001","Adams, PA",3540312
"42003","Allegheny, PA",92984370
"42005","Armstrong, PA",2328167
"42007","Beaver, PA",7071719
"42009","Bedford, PA",1490166
"42011","Berks, PA",18832774
"42013","Blair, PA",5647210
"42015","Bradford, PA",5228988
"42017","Bucks, PA",30617551
"42019","Butler, PA",10129654
"42021","Cambria, PA",4604267
"42023","Cameron, PA",204755
"42025","Carbon, PA",2369488
"42027","Centre, PA",7982602
"42029","Chester, PA",40731215
"42031","Clarion, PA",1221880
"42033","Clearfield, PA",2703853
"42035","Clinton, PA",1586334
"42037","Columbia, PA",2342837
"42039","Crawford, PA",2938151
"42041","Cumberland, PA",14470931
"42043","Dauphin, PA",20895179
"42045","Delaware, PA",32185619
"42047","Elk, PA",1571903
"42049","Erie, PA",10915678
"42051","Fayette, PA",4628835
"42053","Forest, PA",238391
"42055","Franklin, PA",5850275
"42057","Fulton, PA",660057
"42059","Greene, PA",4957694
"42061","Huntingdon, PA",1295869
"42063","Indiana, PA",3990933
"42065","Jefferson, PA",1600933
"42067","Juniata, PA",770906
"42069","Lackawanna, PA",9401088
"42071","Lancaster, PA",26881438
"42073","Lawrence, PA",3037868
"42075","Lebanon, PA",5651715
"42077","Lehigh, PA",21592345
"42079","Luzerne, PA",14843674
"42081","Lycoming, PA",6441988
"42083","McKean, PA",2266746
"42085","Mercer, PA",4198977
"42087","Mifflin, PA",1627135
"42089","Monroe, PA",6350462
"42091","Montgomery, PA",70574860
"42093","Montour, PA",1779351
"42095","Northampton, PA",14044354
"42097","Northumberland, PA",2791884
"42099","Perry, PA",861220
"42101","Philadelphia, PA",109244960
"42103","Pike, PA",1244880
"42105","Potter, PA",1071548
"42107","Schuylkill, PA",4896407
"42109","Snyder, PA",1500567
"42111","Somerset, PA",2576872
"42113","Sullivan, PA",617224
"42115","Susquehanna, PA",5877242
"42117","Tioga, PA",2231570
"42119","Union, PA",1688595
"42121","Venango, PA",1876566
"42123","Warren, PA",1880848
"42125","Washington, PA",14343479
"42127","Wayne, PA",1635492
"42129","Westmoreland, PA",14056279
"42131","Wyoming, PA",2277008
"42133","York, PA",19163414
"44001","Bristol, RI",1595125
"44003","Kent, RI",8445218
"44005","Newport, RI",5309907
"44007","Providence, RI",32023231
"44009","Washington, RI",6297580
"45001","Abbeville, SC",604283
"45003","Aiken, SC",6262564
"45005","Allendale, SC",291877
"45007","Anderson, SC",6725559
"45009","Bamberg, SC",332992
"45011","Barnwell, SC",480851
"45013","Beaufort, SC",6894117
"45015","Berkeley, SC",7395746
"45017","Calhoun, SC",585333
"45019","Charleston, SC",28742768
"45021","Cherokee, SC",1721824
"45023","Chester, SC",1151563
"45025","Chesterfield, SC",1474951
"45027","Clarendon, SC",586959
"45029","Colleton, SC",915610
"45031","Darlington, SC",2567760
"45033","Dillon, SC",766478
"45035","Dorchester, SC",3417718
"45037","Edgefield, SC",575538
"45039","Fairfield, SC",948340
"45041","Florence, SC",6893095
"45043","Georgetown, SC",2316755
"45045","Greenville, SC",29970983
"45047","Greenwood, SC",2777218
"45049","Hampton, SC",448266
"45051","Horry, SC",11748427
"45053","Jasper, SC",972648
"45055","Kershaw, SC",1710351
"45057","Lancaster, SC",3983952
"45059","Laurens, SC",2061152
"45061","Lee, SC",348411
"45063","Lexington, SC",11704113
"45065","McCormick, SC",203077
"45067","Marion, SC",597293
"45069","Marlboro, SC",771535
"45071","Newberry, SC",1397645
"45073","Oconee, SC",3675491
"45075","Orangeburg, SC",2736842
"45077","Pickens, SC",3743723
"45079","Richland, SC",23253385
"45081","Saluda, SC",428915
"45083","Spartanburg, SC",14674876
"45085","Sumter, SC",3988373
"45087","Union, SC",750255
"45089","Williamsburg, SC",750009
"45091","York, SC",10669603
"46003","Aurora, SD",85752
"46005","Beadle, SD",905832
"46007","Bennett, SD",98900
"46009","Bon Homme, SD",238502
"46011","Brookings, SD",2140565
"46013","Brown, SD",2115457
"46015","Brule, SD",248560
"46017","Buffalo, SD",104690
"46019","Butte, SD",286968
"46021","Campbell, SD",82387
"46023","Charles Mix, SD",471750
"46025","Clark, SD",188614
"46027","Clay, SD",528343
"46029","Codington, SD",1386052
"46031","Corson, SD",93700
"46033","Custer, SD",211709
"46035","Davison, SD",1123803
"46037","Day, SD",247240
"46039","Deuel, SD",326065
"46041","Dewey, SD",223329
"46043","Douglas, SD",239763
"46045","Edmunds, SD",235143
"46047","Fall River, SD",256052
"46049","Faulk, SD",191767
"46051","Grant, SD",559183
"46053","Gregory, SD",162710
"46055","Haakon, SD",110343
"46057","Hamlin, SD",243682
"46059","Hand, SD",172266
"46061","Hanson, SD",150002
"46063","Harding, SD",81386
"46065","Hughes, SD",1138590
"46067","Hutchinson, SD",437712
"46069","Hyde, SD",93086
"46071","Jackson, SD",73430
"46073","Jerauld, SD",145775
"46075","Jones, SD",58904
"46077","Kingsbury, SD",328107
"46079","Lake, SD",577844
"46081","Lawrence, SD",1000282
"46083","Lincoln, SD",2424397
"46085","Lyman, SD",187328
"46087","McCook, SD",260675
"46089","McPherson, SD",119229
"46091","Marshall, SD",312869
"46093","Meade, SD",716817
"46095","Mellette, SD",43866
"46097","Miner, SD",116583
"46099","Minnehaha, SD",15361082
"46101","Moody, SD",341803
"46102","Oglala Lakota, SD*",313502
"46103","Pennington, SD",4940327
"46105","Perkins, SD",129807
"46107","Potter, SD",142761
"46109","Roberts, SD",333143
"46111","Sanborn, SD",154652
"46115","Spink, SD",399142
"46117","Stanley, SD",135232
"46119","Sully, SD",116725
"46121","Todd, SD",214985
"46123","Tripp, SD",283261
"46125","Turner, SD",364815
"46127","Union, SD",1252167
"46129","Walworth, SD",218811
"46135","Yankton, SD",1118160
"46137","Ziebach, SD",54309
"47001","Anderson, TN",4559252
"47003","Bedford, TN",1575861
"47005","Benton, TN",336482
"47007","Bledsoe, TN",193876
"47009","Blount, TN",5221491
"47011","Bradley, TN",4124397
"47013","Campbell, TN",855875
"47015","Cannon, TN",236379
"47017","Carroll, TN",655959
"47019","Carter, TN",1023332
"47021","Cheatham, TN",1076529
"47023","Chester, TN",347909
"47025","Claiborne, TN",745231
"47027","Clay, TN",170841
"47029","Cocke, TN",711296
"47031","Coffee, TN",2610229
"47033","Crockett, TN",527412
"47035","Cumberland, TN",1518969
"47037","Davidson, TN",64615968
"47039","Decatur, TN",313595
"47041","DeKalb, TN",601637
"47043","Dickson, TN",1768940
"47045","Dyer, TN",1630329
"47047","Fayette, TN",1035153
"47049","Fentress, TN",431787
"47051","Franklin, TN",1086684
"47053","Gibson, TN",1414276
"47055","Giles, TN",1067212
"47057","Grainger, TN",378278
"47059","Greene, TN",2242503
"47061","Grundy, TN",229243
"47063","Hamblen, TN",2855639
"47065","Hamilton, TN",22925773
"47067","Hancock, TN",84176
"47069","Hardeman, TN",601509
"47071","Hardin, TN",875062
"47073","Hawkins, TN",1588153
"47075","Haywood, TN",710722
"47077","Henderson, TN",691122
"47079","Henry, TN",1178287
"47081","Hickman, TN",406817
"47083","Houston, TN",140963
"47085","Humphreys, TN",703038
"47087","Jackson, TN",181838
"47089","Jefferson, TN",1346858
"47091","Johnson, TN",367826
"47093","Knox, TN",24481578
"47095","Lake, TN",142718
"47097","Lauderdale, TN",658128
"47099","Lawrence, TN",1003661
"47101","Lewis, TN",266054
"47103","Lincoln, TN",988499
"47105","Loudon, TN",1728112
"47107","McMinn, TN",1935983
"47109","McNairy, TN",581850
"47111","Macon, TN",496447
"47113","Madison, TN",5507977
"47115","Marion, TN",761123
"47117","Marshall, TN",1130637
"47119","Maury, TN",3863999
"47121","Meigs, TN",240893
"47123","Monroe, TN",1294384
"47125","Montgomery, TN",4972614
"47127","Moore, TN",401703
"47129","Morgan, TN",286061
"47131","Obion, TN",1077463
"47133","Overton, TN",512775
"47135","Perry, TN",178960
"47137","Pickett, TN",143380
"47139","Polk, TN",293124
"47141","Putnam, TN",3186385
"47143","Rhea, TN",1793455
"47145","Roane, TN",2374077
"47147","Robertson, TN",2325754
"47149","Rutherford, TN",14643061
"47151","Scott, TN",541473
"47153","Sequatchie, TN",268720
"47155","Sevier, TN",3810138
"47157","Shelby, TN",57885809
"47159","Smith, TN",672376
"47161","Stewart, TN",739742
"47163","Sullivan, TN",6923579
"47165","Sumner, TN",6131331
"47167","Tipton, TN",1053640
"47169","Trousdale, TN",187100
"47171","Unicoi, TN",533131
"47173","Union, TN",279019
"47175","Van Buren, TN",88221
"47177","Warren, TN",1346629
"47179","Washington, TN",5346734
"47181","Wayne, TN",321748
"47183","Weakley, TN",1190248
"47185","White, TN",666824
"47187","Williamson, TN",20490414
"47189","Wilson, TN",4689565
"48001","Anderson, TX",1910774
"48003","Andrews, TX",4855010
"48005","Angelina, TX",3166166
"48007","Aransas, TX",626686
"48009","Archer, TX",361834
"48011","Armstrong, TX",66613
"48013","Atascosa, TX",4492812
"48015","Austin, TX",1314726
"48017","Bailey, TX",455961
"48019","Bandera, TX",338951
"48021","Bastrop, TX",2023331
"48023","Baylor, TX",172487
"48025","Bee, TX",810426
"48027","Bell, TX",15064785
"48029","Bexar, TX",96048613
"48031","Blanco, TX",333819
"48033","Borden, TX",834111
"48035","Bosque, TX",535444
"48037","Bowie, TX",3360961
"48039","Brazoria, TX",14949708
"48041","Brazos, TX",9631682
"48043","Brewster, TX",367037
"48045","Briscoe, TX",106952
"48047","Brooks, TX",372996
"48049","Brown, TX",1341005
"48051","Burleson, TX",1712129
"48053","Burnet, TX",1450427
"48055","Caldwell, TX",881820
"48057","Calhoun, TX",3518469
"48059","Callahan, TX",293166
"48061","Cameron, TX",10373362
"48063","Camp, TX",320604
"48065","Carson, TX",990779
"48067","Cass, TX",801391
"48069","Castro, TX",891057
"48071","Chambers, TX",2924433
"48073","Cherokee, TX",1412656
"48075","Childress, TX",217615
"48077","Clay, TX",258988
"48079","Cochran, TX",413092
"48081","Coke, TX",137264
"48083","Coleman, TX",225520
"48085","Collin, TX",63204633
"48087","Collingsworth, TX",82121
"48089","Colorado, TX",813840
"48091","Comal, TX",5312024
"48093","Comanche, TX",429433
"48095","Concho, TX",136444
"48097","Cooke, TX",2666057
"48099","Coryell, TX",1536771
"48101","Cottle, TX",81353
"48103","Crane, TX",1089316
"48105","Crockett, TX",1289011
"48107","Crosby, TX",330560
"48109","Culberson, TX",1996602
"48111","Dallam, TX",858312
"48113","Dallas, TX",242958925
"48115","Dawson, TX",879443
"48117","Deaf Smith, TX",1808436
"48119","Delta, TX",118298
"48121","Denton, TX",29822538
"48123","DeWitt, TX",6457833
"48125","Dickens, TX",135138
"48127","Dimmit, TX",5861898
"48129","Donley, TX",153389
"48131","Duval, TX",426024
"48133","Eastland, TX",880569
"48135","Ector, TX",13450355
"48137","Edwards, TX",101129
"48139","Ellis, TX",5663129
"48141","El Paso, TX",29011802
"48143","Erath, TX",1501122
"48145","Falls, TX",381764
"48147","Fannin, TX",804786
"48149","Fayette, TX",1631933
"48151","Fisher, TX",247867
"48153","Floyd, TX",376412
"48155","Foard, TX",55492
"48157","Fort Bend, TX",24909665
"48159","Franklin, TX",429542
"48161","Freestone, TX",1330268
"48163","Frio, TX",1453416
"48165","Gaines, TX",3383184
"48167","Galveston, TX",15757277
"48169","Garza, TX",364030
"48171","Gillespie, TX",913683
"48173","Glasscock, TX",5687309
"48175","Goliad, TX",318048
"48177","Gonzales, TX",5234195
"48179","Gray, TX",1119564
"48181","Grayson, TX",4866248
"48183","Gregg, TX",7455386
"48185","Grimes, TX",1044079
"48187","Guadalupe, TX",5346735
"48189","Hale, TX",1387749
"48191","Hall, TX",75513
"48193","Hamilton, TX",236269
"48195","Hansford, TX",792363
"48197","Hardeman, TX",215102
"48199","Hardin, TX",1421902
"48201","Harris, TX",380947807
"48203","Harrison, TX",4880846
"48205","Hartley, TX",1094330
"48207","Haskell, TX",367442
"48209","Hays, TX",6344096
"48211","Hemphill, TX",940424
"48213","Henderson, TX",1702667
"48215","Hidalgo, TX",19766430
"48217","Hill, TX",960042
"48219","Hockley, TX",2478056
"48221","Hood, TX",2279385
"48223","Hopkins, TX",1486259
"48225","Houston, TX",997036
"48227","Howard, TX",8391331
"48229","Hudspeth, TX",182932
"48231","Hunt, TX",3647103
"48233","Hutchinson, TX",8692809
"48235","Irion, TX",1968555
"48237","Jack, TX",572130
"48239","Jackson, TX",738367
"48241","Jasper, TX",1003561
"48243","Jeff Davis, TX",76554
"48245","Jefferson, TX",21988565
"48247","Jim Hogg, TX",211946
"48249","Jim Wells, TX",1722442
"48251","Johnson, TX",6127085
"48253","Jones, TX",438454
"48255","Karnes, TX",12623328
"48257","Kaufman, TX",3172400
"48259","Kendall, TX",1925791
"48261","Kenedy, TX",353086
"48263","Kent, TX",380154
"48265","Kerr, TX",1741955
"48267","Kimble, TX",141703
"48269","King, TX",193454
"48271","Kinney, TX",112499
"48273","Kleberg, TX",1156214
"48275","Knox, TX",165859
"48277","Lamar, TX",2559287
"48279","Lamb, TX",787385
"48281","Lampasas, TX",439732
"48283","La Salle, TX",7667819
"48285","Lavaca, TX",1671655
"48287","Lee, TX",981651
"48289","Leon, TX",943624
"48291","Liberty, TX",2019615
"48293","Limestone, TX",1568325
"48295","Lipscomb, TX",802246
"48297","Live Oak, TX",2533580
"48299","Llano, TX",662458
"48301","Loving, TX",10114468
"48303","Lubbock, TX",12583659
"48305","Lynn, TX",271089
"48307","McCulloch, TX",337154
"48309","McLennan, TX",11475725
"48311","McMullen, TX",3450145
"48313","Madison, TX",858701
"48315","Marion, TX",282579
"48317","Martin, TX",12836342
"48319","Mason, TX",125396
"48321","Matagorda, TX",2130241
"48323","Maverick, TX",1659423
"48325","Medina, TX",932056
"48327","Menard, TX",56296
"48329","Midland, TX",29800548
"48331","Milam, TX",661403
"48333","Mills, TX",179402
"48335","Mitchell, TX",473663
"48337","Montague, TX",988516
"48339","Montgomery, TX",26608080
"48341","Moore, TX",2661614
"48343","Morris, TX",733044
"48345","Motley, TX",33606
"48347","Nacogdoches, TX",2656946
"48349","Navarro, TX",1557660
"48351","Newton, TX",519674
"48353","Nolan, TX",1019287
"48355","Nueces, TX",19396867
"48357","Ochiltree, TX",1474669
"48359","Oldham, TX",339263
"48361","Orange, TX",3551082
"48363","Palo Pinto, TX",1071304
"48365","Panola, TX",3093874
"48367","Parker, TX",3998281
"48369","Parmer, TX",1150418
"48371","Pecos, TX",3973700
"48373","Polk, TX",1246897
"48375","Potter, TX",7717554
"48377","Presidio, TX",250526
"48379","Rains, TX",193389
"48381","Randall, TX",3591737
"48383","Reagan, TX",6430657
"48385","Real, TX",68586
"48387","Red River, TX",292218
"48389","Reeves, TX",16078286
"48391","Refugio, TX",503454
"48393","Roberts, TX",930064
"48395","Robertson, TX",2844267
"48397","Rockwall, TX",3019931
"48399","Runnels, TX",339181
"48401","Rusk, TX",2797617
"48403","Sabine, TX",255928
"48405","San Augustine, TX",1238645
"48407","San Jacinto, TX",323726
"48409","San Patricio, TX",2555679
"48411","San Saba, TX",174901
"48413","Schleicher, TX",191740
"48415","Scurry, TX",2405286
"48417","Shackelford, TX",298075
"48419","Shelby, TX",1503178
"48421","Sherman, TX",523876
"48423","Smith, TX",10389548
"48425","Somervell, TX",1110367
"48427","Starr, TX",1457195
"48429","Stephens, TX",548501
"48431","Sterling, TX",312247
"48433","Stonewall, TX",271567
"48435","Sutton, TX",368339
"48437","Swisher, TX",658065
"48439","Tarrant, TX",106860255
"48441","Taylor, TX",6079138
"48443","Terrell, TX",162027
"48445","Terry, TX",817722
"48447","Throckmorton, TX",146955
"48449","Titus, TX",1796056
"48451","Tom Green, TX",5388284
"48453","Travis, TX",112944854
"48455","Trinity, TX",224569
"48457","Tyler, TX",447315
"48459","Upshur, TX",876982
"48461","Upton, TX",8124041
"48463","Uvalde, TX",871238
"48465","Val Verde, TX",1721857
"48467","Van Zandt, TX",1167200
"48469","Victoria, TX",4191127
"48471","Walker, TX",2019247
"48473","Waller, TX",2341706
"48475","Ward, TX",5888166
"48477","Washington, TX",1732382
"48479","Webb, TX",12348848
"48481","Wharton, TX",1966231
"48483","Wheeler, TX",944486
"48485","Wichita, TX",5525214
"48487","Wilbarger, TX",781801
"48489","Willacy, TX",535808
"48491","Williamson, TX",20884833
"48493","Wilson, TX",1125583
"48495","Winkler, TX",2377053
"48497","Wise, TX",3505772
"48499","Wood, TX",1725683
"48501","Yoakum, TX",3432549
"48503","Young, TX",893312
"48505","Zapata, TX",861213
"48507","Zavala, TX",1043115
"49001","Beaver, UT",432800
"49003","Box Elder, UT",2433715
"49005","Cache, UT",5135751
"49007","Carbon, UT",997957
"49009","Daggett, UT",175594
"49011","Davis, UT",13874106
"49013","Duchesne, UT",1211768
"49015","Emery, UT",852885
"49017","Garfield, UT",242701
"49019","Grand, UT",590150
"49021","Iron, UT",1740548
"49023","Juab, UT",453773
"49025","Kane, UT",300442
"49027","Millard, UT",809726
"49029","Morgan, UT",266634
"49031","Piute, UT",73881
"49033","Rich, UT",159404
"49035","Salt Lake, UT",86424082
"49037","San Juan, UT",512921
"49039","Sanpete, UT",829565
"49041","Sevier, UT",1036601
"49043","Summit, UT",3206102
"49045","Tooele, UT",1709909
"49047","Uintah, UT",1881677
"49049","Utah, UT",25899184
"49051","Wasatch, UT",888304
"49053","Washington, UT",5622666
"49055","Wayne, UT",113378
"49057","Weber, UT",10575618
"50001","Addison, VT",1594564
"50003","Bennington, VT",1564682
"50005","Caledonia, VT",996310
"50007","Chittenden, VT",10471481
"50009","Essex, VT",136293
"50011","Franklin, VT",1890595
"50013","Grand Isle, VT",172336
"50015","Lamoille, VT",1048665
"50017","Orange, VT",745980
"50019","Orleans, VT",968088
"50021","Rutland, VT",2399304
"50023","Washington, VT",3410986
"50025","Windham, VT",2071743
"50027","Windsor, VT",2346065
"51001","Accomack, VA",1372202
"51007","Amelia, VA",285987
"51009","Amherst, VA",784099
"51011","Appomattox, VA",263553
"51013","Arlington, VA",32564585
"51017","Bath, VA",192342
"51019","Bedford, VA*",1897197
"51021","Bland, VA",208390
"51023","Botetourt, VA",1179581
"51025","Brunswick, VA",755023
"51027","Buchanan, VA",1130462
"51029","Buckingham, VA",514768
"51033","Caroline, VA",612103
"51036","Charles City, VA",181485
"51037","Charlotte, VA",267497
"51041","Chesterfield, VA",13613556
"51043","Clarke, VA",446041
"51045","Craig, VA",91772
"51047","Culpeper, VA",1639788
"51049","Cumberland, VA",158628
"51051","Dickenson, VA",539758
"51057","Essex, VA",369306
"51061","Fauquier, VA",2482156
"51063","Floyd, VA",347336
"51065","Fluvanna, VA",760396
"51067","Franklin, VA",1364606
"51071","Giles, VA",468317
"51073","Gloucester, VA",838162
"51075","Goochland, VA",2163885
"51077","Grayson, VA",319547
"51079","Greene, VA",389691
"51083","Halifax, VA",1187152
"51085","Hanover, VA",5312349
"51087","Henrico, VA",26814535
"51091","Highland, VA",70766
"51093","Isle of Wight, VA",1388560
"51097","King and Queen, VA",128022
"51099","King George, VA",1708441
"51101","King William, VA",440874
"51103","Lancaster, VA",425274
"51105","Lee, VA",444426
"51107","Loudoun, VA",25667853
"51109","Louisa, VA",1891225
"51111","Lunenburg, VA",245376
"51113","Madison, VA",331218
"51115","Mathews, VA",212814
"51117","Mecklenburg, VA",975758
"51119","Middlesex, VA",356519
"51125","Nelson, VA",454028
"51127","New Kent, VA",437886
"51131","Northampton, VA",500015
"51133","Northumberland, VA",412130
"51135","Nottoway, VA",517184
"51137","Orange, VA",1022295
"51139","Page, VA",584260
"51141","Patrick, VA",436033
"51145","Powhatan, VA",672376
"51147","Prince Edward, VA",683240
"51155","Pulaski, VA",1303451
"51157","Rappahannock, VA",288637
"51159","Richmond, VA",275258
"51167","Russell, VA",674822
"51169","Scott, VA",453463
"51171","Shenandoah, VA",1580133
"51173","Smyth, VA",1057409
"51179","Stafford, VA",4967807
"51181","Surry, VA",1025069
"51183","Sussex, VA",355486
"51185","Tazewell, VA",1279280
"51187","Warren, VA",1671763
"51193","Westmoreland, VA",466459
"51197","Wythe, VA",1661828
"51510","Alexandria (Independent City), VA",13764945
"51550","Chesapeake (Independent City), VA",9280375
"51650","Hampton (Independent City), VA",6421553
"51700","Newport News (Independent City), VA",12974306
"51710","Norfolk (Independent City), VA",20764852
"51740","Portsmouth (Independent City), VA",5706926
"51760","Richmond (Independent City), VA",21733731
"51770","Roanoke (Independent City), VA",6917401
"51800","Suffolk (Independent City), VA",3474723
"51810","Virginia Beach (Independent City), VA",19858267
"51901","Albemarle + Charlottesville, VA*",10712595
"51903","Alleghany + Covington, VA*",834166
"51907","Augusta, Staunton + Waynesboro, VA*",4848087
"51911","Campbell + Lynchburg, VA*",6796229
"51913","Carroll + Galax, VA*",953607
"51918","Dinwiddie, Colonial Heights + Petersburg, VA*",2794471
"51919","Fairfax, Fairfax City + Falls Church, VA*",110392881
"51921","Frederick + Winchester, VA*",5958868
"51923","Greensville + Emporia, VA*",1246958
"51929","Henry + Martinsville, VA*",2180392
"51931","James City + Williamsburg, VA*",4566261
"51933","Montgomery + Radford, VA*",5095291
"51939","Pittsylvania + Danville, VA*",3460016
"51941","Prince George + Hopewell, VA*",3727746
"51942","Prince William, Manassas + Manassas Park, VA*",18476449
"51944","Roanoke + Salem, VA*",5849904
"51945","Rockbridge, Buena Vista + Lexington, VA*",1182899
"51947","Rockingham + Harrisonburg, VA*",7194035
"51949","Southampton + Franklin, VA*",733814
"51951","Spotsylvania + Fredericksburg, VA*",5459600
"51953","Washington + Bristol, VA*",3429150
"51955","Wise + Norton, VA*",1512684
"51958","York + Poquoson, VA*",2359742
"53001","Adams, WA",1010251
"53003","Asotin, WA",707109
"53005","Benton, WA",11323770
"53007","Chelan, WA",4356925
"53009","Clallam, WA",2437895
"53011","Clark, WA",20277551
"53013","Columbia, WA",357514
"53015","Cowlitz, WA",4925417
"53017","Douglas, WA",1739697
"53019","Ferry, WA",211241
"53021","Franklin, WA",3835969
"53023","Garfield, WA",162399
"53025","Grant, WA",5676235
"53027","Grays Harbor, WA",2591043
"53029","Island, WA",2868204
"53031","Jefferson, WA",1017275
"53033","King, WA",294329768
"53035","Kitsap, WA",12065255
"53037","Kittitas, WA",1713359
"53039","Klickitat, WA",1272857
"53041","Lewis, WA",3280790
"53043","Lincoln, WA",492383
"53045","Mason, WA",1599649
"53047","Okanogan, WA",1492710
"53049","Pacific, WA",739633
"53051","Pend Oreille, WA",556693
"53053","Pierce, WA",41492997
"53055","San Juan, WA",727274
"53057","Skagit, WA",7765443
"53059","Skamania, WA",284565
"53061","Snohomish, WA",46966858
"53063","Spokane, WA",25730384
"53065","Stevens, WA",1143758
"53067","Thurston, WA",12795113
"53069","Wahkiakum, WA",89625
"53071","Walla Walla, WA",3513539
"53073","Whatcom, WA",13808458
"53075","Whitman, WA",2515996
"53077","Yakima, WA",11038340
"54001","Barbour, WV",407784
"54003","Berkeley, WV",3244322
"54005","Boone, WV",616646
"54007","Braxton, WV",297292
"54009","Brooke, WV",1095839
"54011","Cabell, WV",4541909
"54013","Calhoun, WV",115306
"54015","Clay, WV",113664
"54017","Doddridge, WV",1601958
"54019","Fayette, WV",1000663
"54021","Gilmer, WV",185995
"54023","Grant, WV",402102
"54025","Greenbrier, WV",1087147
"54027","Hampshire, WV",311765
"54029","Hancock, WV",1271713
"54031","Hardy, WV",402682
"54033","Harrison, WV",4427736
"54035","Jackson, WV",947980
"54037","Jefferson, WV",1520740
"54039","Kanawha, WV",9828259
"54041","Lewis, WV",636962
"54043","Lincoln, WV",231284
"54045","Logan, WV",1258694
"54047","McDowell, WV",580812
"54049","Marion, WV",2124956
"54051","Marshall, WV",2694028
"54053","Mason, WV",717766
"54055","Mercer, WV",1575913
"54057","Mineral, WV",753406
"54059","Mingo, WV",648246
"54061","Monongalia, WV",6175149
"54063","Monroe, WV",211319
"54065","Morgan, WV",263526
"54067","Nicholas, WV",593661
"54069","Ohio, WV",3628922
"54071","Pendleton, WV",138000
"54073","Pleasants, WV",466958
"54075","Pocahontas, WV",248977
"54077","Preston, WV",635041
"54079","Putnam, WV",2531645
"54081","Raleigh, WV",2843740
"54083","Randolph, WV",819432
"54085","Ritchie, WV",729053
"54087","Roane, WV",283560
"54089","Summers, WV",194310
"54091","Taylor, WV",524245
"54093","Tucker, WV",275262
"54095","Tyler, WV",697739
"54097","Upshur, WV",694415
"54099","Wayne, WV",1015026
"54101","Webster, WV",155261
"54103","Wetzel, WV",1035574
"54105","Wirt, WV",59268
"54107","Wood, WV",3193334
"54109","Wyoming, WV",537098
"55001","Adams, WI",469877
"55003","Ashland, WI",698745
"55005","Barron, WI",2074086
"55007","Bayfield, WI",418244
"55009","Brown, WI",17284030
"55011","Buffalo, WI",471890
"55013","Burnett, WI",473507
"55015","Calumet, WI",1536304
"55017","Chippewa, WI",2632026
"55019","Clark, WI",1434837
"55021","Columbia, WI",2693651
"55023","Crawford, WI",727314
"55025","Dane, WI",40913972
"55027","Dodge, WI",3434703
"55029","Door, WI",1219263
"55031","Douglas, WI",2085881
"55033","Dunn, WI",1683573
"55035","Eau Claire, WI",5978317
"55037","Florence, WI",111077
"55039","Fond du Lac, WI",4903922
"55041","Forest, WI",291383
"55043","Grant, WI",2168531
"55045","Green, WI",1654351
"55047","Green Lake, WI",624630
"55049","Iowa, WI",1068675
"55051","Iron, WI",171183
"55053","Jackson, WI",855422
"55055","Jefferson, WI",3501760
"55057","Juneau, WI",834160
"55059","Kenosha, WI",6397601
"55061","Kewaunee, WI",853881
"55063","La Crosse, WI",6857924
"55065","Lafayette, WI",617172
"55067","Langlade, WI",732921
"55069","Lincoln, WI",1456035
"55071","Manitowoc, WI",3806574
"55073","Marathon, WI",8007647
"55075","Marinette, WI",1878676
"55077","Marquette, WI",390257
"55078","Menominee, WI",140286
"55079","Milwaukee, WI",55078475
"55081","Monroe, WI",2290755
"55083","Oconto, WI",978973
"55085","Oneida, WI",1584359
"55087","Outagamie, WI",11639250
"55089","Ozaukee, WI",4980154
"55091","Pepin, WI",258624
"55093","Pierce, WI",1139709
"55095","Polk, WI",1530850
"55097","Portage, WI",3957049
"55099","Price, WI",570007
"55101","Racine, WI",7799437
"55103","Richland, WI",793005
"55105","Rock, WI",6919350
"55107","Rusk, WI",534017
"55109","St. Croix, WI",3633692
"55111","Sauk, WI",3654734
"55113","Sawyer, WI",615139
"55115","Shawano, WI",1320797
"55117","Sheboygan, WI",6735140
"55119","Taylor, WI",855193
"55121","Trempealeau, WI",1285874
"55123","Vernon, WI",1046551
"55125","Vilas, WI",900840
"55127","Walworth, WI",3974747
"55129","Washburn, WI",546439
"55131","Washington, WI",6096248
"55133","Waukesha, WI",27749480
"55135","Waupaca, WI",2010867
"55137","Waushara, WI",634673
"55139","Winnebago, WI",9725443
"55141","Wood, WI",3708760
"56001","Albany, WY",1423240
"56003","Big Horn, WY",514045
"56005","Campbell, WY",6108414
"56007","Carbon, WY",1444166
"56009","Converse, WY",1839669
"56011","Crook, WY",296837
"56013","Fremont, WY",1697672
"56015","Goshen, WY",549166
"56017","Hot Springs, WY",271137
"56019","Johnson, WY",423624
"56021","Laramie, WY",5272539
"56023","Lincoln, WY",803058
"56025","Natrona, WY",5602739
"56027","Niobrara, WY",146076
"56029","Park, WY",1373292
"56031","Platte, WY",602539
"56033","Sheridan, WY",1250913
"56035","Sublette, WY",1662822
"56037","Sweetwater, WY",3861073
"56039","Teton, WY",2250191
"56041","Uinta, WY",926327
"56043","Washakie, WY",369344
"56045","Weston, WY",325913
"Legend / Footnotes:"
"* Broomfield County, CO, was created from parts of Adams, Boulder, Jefferson, and Weld counties effective November 15, 2001. Estimates for Broomfield county begin with 2002."
"* Estimates from 2008 forward separate Skagway-Hoonah-Angoon Census Area into Skagway Municipality and Hoonah-Angoon Census Area. Estimates from 2009 forward separate Wrangell-Petersburg Census Area into Petersburg Census Area and Wrangell City and Borough. In addition, a part of the Prince of Wales-Outer Ketchikan Census Area was annexed by Ketchikan Gateway Borough and part (Meyers Chuck Area) was included in the new Wrangell City and Borough. The remainder of the Prince of Wales-Outer Ketchikan Census Area was renamed Prince of Wales-Hyder Census Area. Petersburg Borough was created from part of former Petersburg Census Area and part of Hoonah-Angoon Census Area for 2013 forward. Prince of Wales-Hyder Census Area added part of the former Petersburg Census Area beginning in 2013. For years 2009-2012, Petersburg Borough reflects the geographic boundaries of the former Petersburg Census Area. Wade Hampton Census Area was renamed Kusilvak Census Area on July 1, 2015."
"* Virginia combination areas consist of one or two independent cities with 1980 populations of less than 100,000 combined with an adjacent county. The county name appears first, followed by the city name(s). Separate estimates for the jurisdictions making up the combination area are not available. Bedford County, VA includes the independent city of Bedford for all years."
"* Shannon County, SD was renamed to Oglala Lakota County, SD on May 1, 2015."
"* Kalawao County, Hawaii is combined with Maui County. Separate estimates for the jurisdictions making up the combination areas are not available."
"Metropolitan Areas are defined (geographically delineated) by the Office of Management and Budget (OMB) bulletin no. 20-01 issued March 6, 2020."
"(NA) Not available."
"Last updated: December 9, 2020 -- new statistics for 2019, revised statistics for 2001-2018."
